timestamp,S_AU12Mean,S_AU12Variance,S_AU12ActivationFrequency,S_AU15MeanAmplitude,S_AU4MeanActivation,S_AU4DurationRatio,S_AU1AU2PeakIntensity,S_AU20ActivationRate,S_LipCompressionFrequency,S_BlinkRate,S_BlinkClusterDensity,S_BaselineEyeOpenness,S_GazeShiftFrequency,S_EyeContactRatio,S_DownwardGazeFrequency,S_MeanHeadVelocity,S_HeadVelocityPeak,S_HeadMotionEnergy,S_LandmarkDisplacementMean,S_PostureRigidityIndex,S_OverallAUVariance,S_FacialEmotionalRange,S_FacialTransitionFrequency,S_NearZeroAUActivationRatio,S_MotionEnergyFloorScore,S_GestureFrequency,S_MicroMotionEnergy,S_ShoulderElevationIndex,S_ResponseLatencyMean,S_SpeechOnsetDelay,S_NodOnsetLatency,S_PauseDurationMean,S_ExtendedSilenceRatio,S_ReactionTimeInstabilityIndex
1772781639.0609238,0.5394607944416507,0,1.0,0.0850250106324692,0.7937278692387242,1.0,1.0,1.0,0.0,0,0,0.10672798172052132,0,0.0,1.0,0,0,0,0,0,0,0,0,0,0,0,0,0,0,0,0,0,0,0
1772781639.099443,0.5373695455545946,0.0,1.0,0.08431473643903689,0.7924435038680215,1.0,1.0,1.0,0.0,0.0,0.0,0.1071588880593736,0.0,0.0,1.0,0.0,0.0,0.0,0.0,0.0,0.0,0.0,0.0,0.0,0.3,0.0,0.0,0.0,0.0,0.0,0.0,0.0,0.3,0.0
1772781639.123435,0.5360414425761836,0.0,1.0,0.08354914711197137,0.7941215340292809,1.0,1.0,1.0,0.0,0.0,0.0,0.1075030012001714,0.0,0.0,1.0,0.00066591521693806,0.0008112105924129414,0.0033295760846903002,0.0003738690135218014,0.29999994070366004,3.279991430710161e-07,0.0006273746661168422,0.0,0.0,0.51,0.0,0.0,0.0,0.0,0.0,0.0,0.0,0.51,0.0
1772781639.1599221,0.5355244892096174,0.0,1.0,0.08293881815483128,0.7942293630868702,1.0,1.0,1.0,0.0,0.0,0.0,0.10795234633708156,0.0,0.0,1.0,0.000996322721560468,0.001279199603494098,0.004981613607802341,0.0005930266528601094,0.5099999027549998,8.239042871080942e-07,0.0014649678259219367,0.0,0.0,0.657,0.0,3.7386901352180134e-05,0.0,0.0,0.0,0.0,0.0,0.657,1.5827709323446015e-05
1772781639.1921418,0.5346120155857184,2.1028392250746896e-06,1.0,0.08250404587675993,0.7967834049432971,1.0,1.0,1.0,0.0,0.0,0.0,0.10828301331576755,0.0,0.0,1.0,0.000912408635671533,0.001153592330072924,0.0045620431783576654,0.0005940065741015123,0.6569999264449795,1.2703914857474707e-06,0.0022063690477553653,0.0,0.0,0.7599,0.0,9.86880059251694e-05,0.0,0.0,0.0,0.0,0.0,0.7599,2.345577532987401e-05
1772781639.223499,0.5359990147509339,4.223321955591651e-06,1.0,0.08258199798255461,0.7954479548039876,1.0,1.0,1.0,0.0,0.0,0.0,0.10882432445354451,0.0,0.0,1.0,0.0008099371165542111,0.0011140595112406467,0.004049685582771056,0.0005823552691057146,0.7598999264711302,1.7411014409776165e-06,0.002999091990208469,0.0,0.0,0.8319300000000001,0.0,0.00016273573857662397,0.0,0.0,0.0,0.0,0.0,0.8319300000000001,2.5735530706664158e-05
1772781639.2597573,0.534595398685509,5.854785875100047e-06,1.0,0.0826432247155429,0.7953188732861777,1.0,1.0,1.0,0.0,0.0,0.0,0.10900105018740815,0.0,0.0,1.0,0.0009054497274145364,0.0012899867607700012,0.004527248637072682,0.0006809385993061794,0.8319298769607191,1.9437596032765563e-06,0.003553998049925642,0.0,0.0,0.8823509999999999,0.0,0.00022107789248309364,0.0,0.0,0.0,0.0,0.0,0.8823509999999999,2.5568592599278852e-05
1772781639.2913952,0.5319330044058324,9.225648423281706e-06,1.0,0.08236689258890498,0.7932399425056378,1.0,1.0,1.0,0.0,0.0,0.0,0.1089664132362999,0.0,0.0,1.0,0.0008775662836962612,0.001453970511666615,0.004387831418481307,0.0007289353526837245,0.8823508317683181,2.1154761981044686e-06,0.003947417361790476,0.0,0.0,0.9176456999999998,0.0,0.0002757915008336791,0.0,0.0,0.0,0.0,0.0,0.9176456999999998,2.4776588003131836e-05
1772781639.3235579,0.5316260370788342,1.1213786006960266e-05,1.0,0.08212943560612068,0.7945356899603537,1.0,1.0,1.0,0.0,0.0,0.0,0.10883653605620419,0.0,0.0,1.0,0.0008438513519466949,0.0013369105892993183,0.004219256759733475,0.0006889484771375879,0.9176455665692964,2.7468838628557595e-06,0.005021529163998848,0.0,0.0,0.9423519899999997,0.0,0.00032629648039278947,0.0,0.0,0.0,0.0,0.0,0.9423519899999997,2.332229520613299e-05
1772781639.3600297,0.5315844619139621,1.2209915936074197e-05,1.0,0.0821114679116605,0.7935080532716502,1.0,1.0,1.0,0.0,0.0,0.0,0.10864236953392811,0.0,0.0,1.0,0.0007142539751855124,0.0010726636092839574,0.0035712698759275624,0.0006662811275803698,0.9423518956400998,3.538026720350748e-06,0.005865497623644167,0.0,0.0,0.9596463929999997,0.0,0.00036981020089884025,0.0,0.0,0.0,0.0,0.0,0.9596463929999997,2.1575997952946326e-05
1772781639.3982072,0.5348640519214798,1.4738831781373562e-05,1.0,0.08230364333004644,0.7955503504911452,1.0,1.0,1.0,0.0,0.0,0.0,0.10852350927655008,0.0,0.0,1.0,0.0007432571849905641,0.0012770174150010037,0.0037162859249528207,0.0007147313563513993,0.9596462348507864,4.291144018852722e-06,0.006468748094857497,0.0,0.0,0.9717524750999997,0.0,0.00040611797261809815,0.0,0.0,0.0,0.0,0.0,0.9717524750999997,2.016335242832725e-05
1772781639.445002,0.5342654717929343,1.601738522675858e-05,1.0,0.08203185772099214,0.7944265564448527,1.0,1.0,1.0,0.0,0.0,0.0,0.10846974086383239,0.0,0.0,1.0,0.0008275419276031139,0.0012934746636749303,0.00413770963801557,0.0007798329116376944,0.9717523554467994,4.6533720502737045e-06,0.006891023424706828,0.0,0.0,0.9802267325699998,0.0,0.00043763964690489773,0.0,0.0,0.0,0.0,0.0,0.9802267325699998,1.9328317239670814e-05
1772781639.4880276,0.5332024399886905,1.667738482305546e-05,1.0,0.08202240242128081,0.7957839251478185,1.0,1.0,1.0,0.0,0.0,0.0,0.10851666098797258,0.0,0.0,1.0,0.0009548366998379241,0.0014493103023377975,0.004774183499189621,0.0009138365777145286,0.9802265911199752,4.777944104872541e-06,0.00718661615560136,0.0,0.0,0.9861587127989999,0.0,0.0004664208861905807,0.0,0.0,0.0,0.0,0.0,0.9861587127989999,2.2502890374691764e-05
1772781639.5574663,0.5307585075033403,1.8193083244911656e-05,1.0,0.08176094696036591,0.796741110778763,1.0,1.0,1.0,0.0,0.0,0.0,0.10859332794827589,0.0,0.0,1.0,0.000919030749059686,0.001300423395118819,0.004595153745298429,0.0008477231262013745,0.9861586112399325,4.804118039192691e-06,0.007393531067227531,0.0,0.0,0.9903110989592998,0.0,0.0004953429721488054,0.0,0.0,0.0,0.0,0.0,0.9903110989592998,2.5484348442943744e-05
1772781639.5784109,0.5329908071516936,1.9330647780158964e-05,1.0,0.0822177510442815,0.7939091231713963,1.0,1.0,1.0,0.0,0.0,0.0,0.10858914008573427,0.0,0.0,1.0,0.0008719297323206223,0.001333456563383354,0.0043596486616031115,0.0008415225456163856,0.9903109928581673,5.027044365422252e-06,0.0077861578285524004,0.0,0.0,0.9932177692715098,0.0,0.000521693331322778,0.0,0.0,0.0,0.0,0.0,0.9932177692715098,5.122604634498682e-05
1772781639.6002343,0.5331656904580762,1.971589821481587e-05,1.0,0.08222908509830808,0.7942364874215526,1.0,1.0,1.0,0.0,0.0,0.0,0.10855418986483492,0.0,0.0,1.0,0.0010681934802125683,0.0014651313914048354,0.005340967401062842,0.00089358160352456,0.9932176797421512,5.1101121265165196e-06,0.00806099656147981,0.0,0.0,0.9952524384900567,0.0,0.0005453054836023122,0.0,0.0,0.0,0.0,0.0,0.9952524384900567,7.278200688425629e-05
1772781639.632198,0.53165028742931,2.007386416440184e-05,1.0,0.08220634070395777,0.7920507494718414,1.0,1.0,1.0,0.0,0.0,0.0,0.10854956754950487,0.0,0.0,1.0,0.0010909014855599376,0.001520253832007569,0.005454507427799688,0.0009338707034473527,0.9952523455469082,5.0923067832563495e-06,0.008253383674528996,0.0,0.0,0.9966767069430396,0.0,0.0005673311357842986,0.0,0.0,0.0,0.0,0.0,0.9966767069430396,8.968833440862502e-05
1772781639.669892,0.5312957124164948,2.007881340091758e-05,1.0,0.0822861547746882,0.7889111258464829,1.0,1.0,1.0,0.0,0.0,0.0,0.10854917157373933,0.0,0.0,1.0,0.00103434316247164,0.0014201689714119139,0.0051717158123582,0.0008475500975336954,0.9966766248781749,5.102927116026633e-06,0.008388054653663426,0.0,0.0,0.9976736948601277,0.0,0.0005883104990041318,0.0,0.0,0.0,0.0,0.0,0.9976736948601277,9.938132985903066e-05
1772781639.6921923,0.529686185064985,2.0488009535829284e-05,1.0,0.08198634575477767,0.7903802838525857,1.0,1.0,1.0,0.0,0.0,0.0,0.10853826764992729,0.0,0.0,1.0,0.0008959796318273013,0.0013358887681585788,0.004479898159136507,0.0008844216831151905,0.997673612180745,5.148391747224466e-06,0.008482324339057528,0.0,0.0,0.9983715864020892,0.0,0.000606500849108292,0.0,0.0,0.0,0.0,0.0,0.9983715864020892,0.0001040792444819849
1772781639.7114303,0.5285849589026681,2.105510859511441e-05,1.0,0.08206118257338325,0.7913394770173651,1.0,1.0,1.0,0.0,0.0,0.0,0.10852590530297512,0.0,0.0,1.0,0.0009414421015186297,0.0013341398118582527,0.00470721050759315,0.0008139371391181762,0.9983715102521213,5.368059405603622e-06,0.008870009850339991,0.0,0.0,0.9988601104814625,0.0,0.0006229521470827388,0.0,0.0,0.0,0.0,0.0,0.9988601104814625,0.00010832829419699238
1772781639.733539,0.529020380652464,2.119558918836079e-05,1.0,0.08230733053083969,0.7919561053801705,1.0,1.0,1.0,0.0,0.0,0.0,0.10857965073902251,0.0,0.0,1.0,0.0009581850329657136,0.0013620192044657177,0.004790925164828569,0.0008083515906000153,0.9988600381302746,5.80894996205247e-06,0.009471757556932785,0.0,0.0,0.9992020773370236,0.0,0.0006367570351162775,0.0,0.0,0.0,0.0,0.0,0.9992020773370236,0.0001131852327585641
1772781639.7597458,0.5276990285011615,2.1727373946781283e-05,1.0,0.08205343727670522,0.7918740931080998,1.0,1.0,1.0,0.0,0.0,0.0,0.10861421923137804,0.0,0.0,1.0,0.0008667496683759901,0.0013154561757735507,0.0043337483418799515,0.0008040779592455628,0.9992019888504831,6.288120578431623e-06,0.00989298095154774,0.0,0.0,0.9994414541359165,0.0,0.0006484116445979281,0.0,0.0,0.0,0.0,0.0,0.9994414541359165,0.00011681346295157945
1772781639.7918859,0.5276720563018453,2.20139011902348e-05,1.0,0.08155582007360045,0.7933181104022952,1.0,1.0,1.0,0.0,0.0,0.0,0.10864653111136627,0.0,0.0,1.0,0.000819784785454609,0.001258272818600878,0.004098923927273046,0.0008376522250932827,0.9994413611185609,6.923495766603856e-06,0.010453616448230202,0.0,0.0,0.9996090178951416,0.0,0.0006583217652240442,0.0,0.0,0.0,0.0,0.0,0.9996090178951416,0.0001183134004306703
1772781639.8257363,0.5307820388852428,2.2432294138278907e-05,1.0,0.08218311683888466,0.7911719476138734,1.0,1.0,1.0,0.0,0.0,0.0,0.1086681679856181,0.0,0.0,1.0,0.0009716400706495158,0.0014616050788628125,0.0048582003532475805,0.000866077541932067,0.9996089176805123,7.6123564156481455e-06,0.010854152955702764,0.0,0.0,0.9997263125265989,0.0,0.0006672963302502598,0.0,0.0,0.0,0.0,0.0,0.9997263125265989,0.00011771910078476691
1772781639.8614142,0.5333850675034519,2.3113152692307915e-05,1.0,0.08265809962581128,0.7908989813918729,1.0,1.0,1.0,0.0,0.0,0.0,0.10866731844443756,0.0,0.0,1.0,0.0010032113830706821,0.0017389330655197188,0.005016056915353411,0.0008648726426211304,0.9997261103173244,8.026430354200661e-06,0.011134528510933557,0.0,0.0,0.9998084187686191,0.0,0.0006758015327680354,0.0,0.0,0.0,0.0,0.0,0.9998084187686191,0.0001157905836585441
1772781639.8956625,0.5338370273543007,2.3388508802020763e-05,1.0,0.08222355839785714,0.7917045913765389,1.0,1.0,1.0,0.0,0.0,0.0,0.10866489730876584,0.0,0.0,1.0,0.0011015975571153126,0.0018669013150387722,0.005507987785576563,0.000909790324490506,0.9998081549173612,8.21405458433909e-06,0.011330791399595112,0.0,0.0,0.9998658931380333,0.0,0.0006837858821782176,0.0,0.0,0.0,0.0,0.0,0.9998658931380333,0.00011311994403686768
1772781639.9322195,0.5328407759818115,2.3346387795761147e-05,1.0,0.0818280485780553,0.7925783116547683,1.0,1.0,1.0,0.0,0.0,0.0,0.10863216386111756,0.0,0.0,1.0,0.0011479416657126749,0.0021134019519597116,0.005739708328563374,0.0010110394891098599,0.9998655155970606,8.259636034536445e-06,0.0114681754216582,0.0,0.0,0.9999061251966233,0.0,0.000691767707077136,0.0,0.0,0.0,0.0,0.0,0.9999061251966233,0.00010997705416067628
1772781639.968733,0.5314262665688204,2.3238071764115396e-05,1.0,0.08187007160232447,0.7937339451562656,1.0,1.0,1.0,0.0,0.0,0.0,0.10859329152805275,0.0,0.0,1.0,0.0010916493614566219,0.0019049264465549791,0.00545824680728311,0.0009180009765970781,0.999905823898906,8.198668006531321e-06,0.011564344237102363,0.0,0.0,0.9999342876376363,0.0,0.0007006955125501038,0.0,0.0,0.0,0.0,0.0,0.9999342876376363,0.00010670398866480295
1772781640.0036125,0.5301307267985296,2.3167468017857007e-05,1.0,0.08188048387238091,0.7937867030521848,1.0,1.0,1.0,0.0,0.0,0.0,0.10848812491070237,0.0,0.0,1.0,0.001196188587761135,0.001983505660937787,0.005980942938805676,0.0009745576976373383,0.999933960849848,8.087975337473586e-06,0.011631662407913275,0.0,0.0,0.9999540013463453,0.0,0.0007090500540734317,0.0,0.0,0.0,0.0,0.0,0.9999540013463453,0.00010340853741098546
1772781640.0377994,0.5321254252168831,2.312102512285029e-05,1.0,0.08228872400525589,0.7937249564612565,1.0,1.0,1.0,0.0,0.0,0.0,0.10841557991677932,0.0,0.0,1.0,0.0010902978898243926,0.002091992256910932,0.005451489449121964,0.0008754043433297986,0.9999536030152136,7.995928092574007e-06,0.011678785127480915,0.0,0.0,0.9999678009424415,0.0,0.0007174432025881352,0.0,0.0,0.0,0.0,0.0,0.9999678009424415,0.00010009248059301447
1772781640.070268,0.5316803952029608,2.288395299411499e-05,1.0,0.0819789599708316,0.7945216729655264,1.0,1.0,1.0,0.0,0.0,0.0,0.10835337731940287,0.0,0.0,1.0,0.0011609042602460002,0.0021412928651078173,0.005804521301230003,0.0008764488428447444,0.9999673832864513,7.856055832597877e-06,0.011711771031178262,0.0,0.0,0.9999774606597089,0.0,0.0007247021778238345,0.0,0.0,0.0,0.0,0.0,0.9999774606597089,9.68185385310725e-05
1772781640.1044166,0.5324366007334691,2.2553097366864668e-05,1.0,0.08189769469589592,0.7936173038649689,1.0,1.0,1.0,0.0,0.0,0.0,0.10827215031419513,0.0,0.0,1.0,0.0011961470074747394,0.002352904326321076,0.005980735037373699,0.0009500389204183718,0.9999769816530366,7.693271546944496e-06,0.011734861163766406,0.0,0.0,0.9999842224617963,0.0,0.0007310880642578976,0.0,0.0,0.0,0.0,0.0,0.9999842224617963,9.364929831836133e-05
1772781640.1380935,0.5314941376392751,2.2190784587192757e-05,1.0,0.08182479944431978,0.795134827633351,1.0,1.0,1.0,0.0,0.0,0.0,0.10821510719214675,0.0,0.0,1.0,0.0012612108152573564,0.0024453503313774934,0.006306054076286783,0.0009537374521815228,0.9999836561784359,7.510931738744509e-06,0.011751024256578107,0.0,0.0,0.9999889557232573,0.0,0.0007374711577725012,0.0,0.0,0.0,0.0,0.0,0.9999889557232573,9.059848800702975e-05
1772781640.170322,0.5310424507704461,2.1782594288769223e-05,1.0,0.08193356375619246,0.7940780077021644,1.0,1.0,1.0,0.0,0.0,0.0,0.10810365696233155,0.0,0.0,1.0,0.0013360131843912473,0.002687414878317164,0.006680065921956237,0.0010638645153287609,0.9999882956279911,7.329087788379809e-06,0.011762338421546297,0.0,0.0,0.9999922690062801,0.0,0.0007437699815012837,0.0,0.0,0.0,0.0,0.0,0.9999922690062801,8.768029870822095e-05
1772781640.2017071,0.5323657218043185,2.1422512886074942e-05,1.0,0.0820820386855742,0.7959556117409221,1.0,1.0,1.0,0.0,0.0,0.0,0.10802943293619055,0.0,0.0,1.0,0.0013436032775371416,0.0027121325941233173,0.006718016387685708,0.0010777378289508796,0.9999916351644332,7.1600166226207765e-06,0.011770258337024029,0.0,0.0,0.9999945883043961,0.0,0.0007508738399801991,0.0,0.0,0.0,0.0,0.0,0.9999945883043961,8.492047801182326e-05
1772781640.2352128,0.5316335743801213,2.103438450253585e-05,1.0,0.08165102155408052,0.7967848002046123,1.0,1.0,1.0,0.0,0.0,0.0,0.10794875917240486,0.0,0.0,1.0,0.0011814688093127494,0.002476702961819447,0.005907344046563746,0.0010465224962068558,0.9999940373896014,6.983812839691755e-06,0.011775802277858441,0.0,0.0,0.9999962118130772,0.0,0.0007585061550798959,0.0,0.0,0.0,0.0,0.0,0.9999962118130772,8.23388254456026e-05
1772781640.26893,0.5308150946061605,2.0673046047246494e-05,1.0,0.08147900498679475,0.7970391396104153,1.0,1.0,1.0,0.0,0.0,0.0,0.10786260985318635,0.0,0.0,1.0,0.0010722268376089066,0.002118959450428555,0.005361134188044532,0.0008893058915449606,0.9999957963167747,6.811639731737781e-06,0.01177968303644253,0.0,0.0,0.999997348269154,0.0,0.0007661005056988032,0.0,0.0,0.0,0.0,0.0,0.999997348269154,7.987755855498488e-05
1772781640.3060756,0.5305448886128481,2.029314500924462e-05,1.0,0.08138514685552979,0.7988983088320267,1.0,1.0,1.0,0.0,0.0,0.0,0.10778430710793563,0.0,0.0,1.0,0.0011386786998950548,0.002063920865877966,0.005693393499475274,0.00083893072270341,0.999997022838294,6.660652007107454e-06,0.011782399567451394,0.0,0.0,0.9999981437884078,0.0,0.000772271836816379,0.0,0.0,0.0,0.0,0.0,0.9999981437884078,7.753710674387749e-05
1772781640.337938,0.5306422523710393,1.9884771242834958e-05,1.0,0.08127493921563997,0.7983904308835454,1.0,1.0,1.0,0.0,0.0,0.0,0.10771300467124205,0.0,0.0,1.0,0.0010540853365721917,0.0018803957054986003,0.005270426682860959,0.000797777357279155,0.9999978373765611,6.532230105690511e-06,0.011784301139157597,0.0,0.0,0.9999987006518853,0.0,0.0007770043405456244,0.0,0.0,0.0,0.0,0.0,0.9999987006518853,7.54160575647369e-05
1772781640.3705592,0.5292183710186134,1.9711832268516845e-05,1.0,0.08132451786280903,0.7995247198775144,1.0,1.0,1.0,0.0,0.0,0.0,0.1076495661003353,0.0,0.0,1.0,0.001034565997123642,0.0017315316546743953,0.005172829985618211,0.0008053249858532644,0.9999984698786584,6.41682138391879e-06,0.01178563223935194,0.0,0.0,0.9999990904563196,0.0,0.0007803919432178805,0.0,0.0,0.0,0.0,0.0,0.9999990904563196,7.339964198424794e-05
1772781640.4054844,0.5310244101499632,1.9541288325200888e-05,1.0,0.08159164828789722,0.7986092595402202,1.0,1.0,1.0,0.0,0.0,0.0,0.1075717433931016,0.0,0.0,1.0,0.0009728834977917259,0.0017336014310144956,0.00486441748895863,0.0007444564784147105,0.9999988568317479,6.360630063650426e-06,0.01178656400948798,0.0,0.0,0.9999993633194237,0.0,0.0007828909798614607,0.0,0.0,0.0,0.0,0.0,0.9999993633194237,7.14669949418682e-05
1772781640.437002,0.5289505449406557,1.969094660762884e-05,1.0,0.08133413519002987,0.8014397383996921,1.0,1.0,1.0,0.0,0.0,0.0,0.1074874761451404,0.0,0.0,1.0,0.0009336470733011725,0.0016359858920054298,0.004668235366505863,0.0007136857895790232,0.9999991655907517,6.286438136595883e-06,0.011787216248583208,0.0,0.0,0.9999995543235967,0.0,0.0007843164109733197,0.0,0.0,0.0,0.0,0.0,0.9999995543235967,6.962518597583072e-05
1772781640.4681256,0.5300886700275371,1.966547563525925e-05,1.0,0.0814224955905763,0.8000691932051875,1.0,1.0,1.0,0.0,0.0,0.0,0.10742312578163841,0.0,0.0,1.0,0.0009379852750214977,0.0017055793529511093,0.004689926375107488,0.0007521344331023241,0.9999993059807535,6.2653794720179565e-06,0.011787672815949867,0.0,0.0,0.9999996880265176,0.0,0.0007847859511278927,0.0,0.0,0.0,0.0,0.0,0.9999996880265176,6.788928934662193e-05
1772781640.498897,0.5300299369298893,1.9533069220843596e-05,1.0,0.08160304507690377,0.7980772705840122,1.0,1.0,1.0,0.0,0.0,0.0,0.10735450863429168,0.0,0.0,1.0,0.0009283466368558931,0.0018375057884879717,0.004641733184279465,0.0007906610725542126,0.9999993939883076,6.236009328975342e-06,0.011787992413106529,0.0,0.0,0.9999997816185622,0.0,0.0007848791842706084,0.0,0.0,0.0,0.0,0.0,0.9999997816185622,6.62596572652821e-05
1772781640.5353975,0.5286241451102298,1.9563083173059486e-05,1.0,0.08129586701527383,0.7972858536544232,1.0,1.0,1.0,0.0,0.0,0.0,0.10731025644542116,0.0,0.0,1.0,0.0010133356628128007,0.0017518319884006098,0.005066678314064002,0.0008785338780837202,0.9999995464446072,6.201802437970915e-06,0.011788216131116191,0.0,0.0,0.9999998471329934,0.0,0.0007849823861815362,0.0,0.0,0.0,0.0,0.0,0.9999998471329934,6.473407800148607e-05
1772781640.5685904,0.5304076761147932,1.951974195772208e-05,1.0,0.08146545628834218,0.7978151369460953,1.0,1.0,1.0,0.0,0.0,0.0,0.10729077533495139,0.0,0.0,1.0,0.0010321568717485332,0.001913345453301346,0.005160784358742665,0.0008648079585539042,0.9999995672853795,6.213443476760028e-06,0.011788372733722956,0.0,0.0,0.9999998929930953,0.0,0.0007856766987688079,0.0,0.0,0.0,0.0,0.0,0.9999998929930953,6.331143414443056e-05
1772781640.6010408,0.5287805708536777,1.962893936962737e-05,1.0,0.08097661619791081,0.7986414600758011,1.0,1.0,1.0,0.0,0.0,0.0,0.10723751439918816,0.0,0.0,1.0,0.0009807652812346144,0.0017402357234855734,0.004903826406173071,0.00082597592246067,0.9999996700408904,6.196496329566488e-06,0.011788482355547691,0.0,0.0,0.9999999250951668,0.0,0.0007866682253869512,0.0,0.0,0.0,0.0,0.0,0.9999999250951668,6.191629596857482e-05
1772781640.633864,0.5277889914944138,1.9791604470840685e-05,1.0,0.08063845257005686,0.7924834685505863,1.0,1.0,1.0,0.0,0.0,0.0,0.1070741046969181,0.0,0.0,1.0,0.0011845083381353994,0.001988510660039167,0.005922541690676996,0.0009532729629750328,0.9999996701762216,6.207596745279995e-06,0.011788559090825006,0.0,0.0,0.9999999475666166,0.0,0.0007875984267960221,0.0,0.0,0.0,0.0,0.0,0.9999999475666166,6.056420539134858e-05
1772781640.6674047,0.5314298093279886,2.0236661573150694e-05,1.0,0.08099114532897603,0.7961797548061891,1.0,1.0,1.0,0.0,0.0,0.0,0.1069158738186651,0.0,0.0,1.0,0.0010449669898264786,0.0018494233429779748,0.005224834949132393,0.0009299452703881507,0.9999997043493924,6.278350261211264e-06,0.011788612805519126,0.0,0.0,0.9999999632966317,0.0,0.000789271468196275,0.0,0.0,0.0,0.0,0.0,0.9999999632966317,5.9254001963368553e-05
1772781640.7000687,0.530754293772043,2.044946689850243e-05,1.0,0.08087636871215588,0.7947951147512957,1.0,1.0,1.0,0.0,0.0,0.0,0.10676657361684155,0.0,0.0,1.0,0.0010619606155098389,0.0020263871896231424,0.005309803077549194,0.0010438593418717894,0.9999996488315679,6.289186283872368e-06,0.01178865040580501,0.0,0.0,0.9999999743076422,0.0,0.0007912799647617048,0.0,0.0,0.0,0.0,0.0,0.9999999743076422,5.798566261972083e-05
1772781640.7358239,0.5301024913888195,2.0519459246820566e-05,1.0,0.08066855886019403,0.7953488706223034,1.0,1.0,1.0,0.0,0.0,0.0,0.10664531338552885,0.0,0.0,1.0,0.0010300541838341262,0.0018523805456801656,0.00515027091917063,0.0009861864751714384,0.9999997175219313,6.265048082597403e-06,0.011788676726005129,0.0,0.0,0.9999999820153496,0.0,0.0007941732696682501,0.0,0.0,0.0,0.0,0.0,0.9999999820153496,5.676480963129572e-05
1772781640.771867,0.5278886024468195,2.086510583546169e-05,1.0,0.08058242271539102,0.7954190551659825,1.0,1.0,1.0,0.0,0.0,0.0,0.10657629986495515,0.0,0.0,1.0,0.0009593953484617991,0.0016094041336193173,0.004796976742308995,0.0009316423207869044,0.999999794139157,6.2274281202130595e-06,0.011788695150145212,0.0,0.0,0.9999999874107446,0.0,0.0007972883605188391,0.0,0.0,0.0,0.0,0.0,0.9999999874107446,5.5617908000313494e-05
1772781640.8184838,0.5285587160190061,2.099005211091249e-05,1.0,0.08076087610419289,0.7955287709988483,1.0,1.0,1.0,0.0,0.0,0.0,0.10651486839046734,0.0,0.0,1.0,0.0010244697686814493,0.0019246964669285055,0.005122348843407247,0.0010153836562427363,0.9999996501672617,6.2489591979271105e-06,0.01178870804704327,0.0,0.0,0.9999999911875213,0.0,0.0008002021092005016,0.0,0.0,0.0,0.0,0.0,0.9999999911875213,5.454101243975921e-05
1772781640.8597717,0.5291283372263031,2.0961627245628438e-05,1.0,0.08083247832637713,0.7955551016202999,1.0,1.0,1.0,0.0,0.0,0.0,0.1064894006682103,0.0,0.0,1.0,0.0010225706018605245,0.0019069217229482137,0.0051128530093026234,0.0010013570910777894,0.9999996990410289,6.281493346273288e-06,0.011788717074871911,0.0,0.0,0.9999999938312649,0.0,0.0008034212585613541,0.0,0.0,0.0,0.0,0.0,0.9999999938312649,5.445343362562293e-05
1772781640.9002914,0.5283841975531485,2.093395148163021e-05,1.0,0.08144337124202969,0.795890428150432,1.0,1.0,1.0,0.0,0.0,0.0,0.1064499274272353,0.0,0.0,1.0,0.001132581982785678,0.002166355089016217,0.00566290991392839,0.00109095636197541,0.9999996104218838,6.3020721865201366e-06,0.01178872339435196,0.0,0.0,0.9999999956818855,0.0,0.0008067325769139941,0.0,0.0,0.0,0.0,0.0,0.9999999956818855,5.439650363779454e-05
1772781640.9384012,0.5295222752320756,2.0809831429460026e-05,1.0,0.08167533477733618,0.7971672159218903,1.0,1.0,1.0,0.0,0.0,0.0,0.10644254137994447,0.0,0.0,1.0,0.0010405943924885798,0.001837630096890596,0.005202971962442899,0.0009533503791485637,0.9999997157885357,6.3354256908430334e-06,0.011788727817987994,0.0,0.0,0.9999999969773197,0.0,0.0008105586672639616,0.0,0.0,0.0,0.0,0.0,0.9999999969773197,5.4291210736932454e-05
1772781640.9795344,0.5293413853860653,2.0638215390568165e-05,1.0,0.08156601356054018,0.7964140697118455,1.0,1.0,1.0,0.0,0.0,0.0,0.10644784415909875,0.0,0.0,1.0,0.0010309709555809518,0.0017790491575407322,0.005154854777904758,0.0009388770306832438,0.9999997538911716,6.344786319721277e-06,0.011788730914533217,0.0,0.0,0.9999999978841236,0.0,0.000813954059978946,0.0,0.0,0.0,0.0,0.0,0.9999999978841236,5.4010441348897776e-05
1772781641.0203793,0.5292766988660997,2.043132767194001e-05,1.0,0.08184561412842109,0.7981805720801826,1.0,1.0,1.0,0.0,0.0,0.0,0.1064504203300463,0.0,0.0,1.0,0.0010233792716473327,0.0016795686720758275,0.0051168963582366635,0.0008944641814277345,0.9999997930943076,6.340924789606813e-06,0.011788733082114873,0.0,0.0,0.9999999985188865,0.0,0.0008169466263936598,0.0,0.0,0.0,0.0,0.0,0.9999999985188865,5.3785677955936874e-05
1772781641.0567575,0.5297830578395024,2.018507297317613e-05,1.0,0.08194525402293357,0.7981462767932495,1.0,1.0,1.0,0.0,0.0,0.0,0.10647323304608668,0.0,0.0,1.0,0.0009788119166301307,0.0016082833133667514,0.004894059583150654,0.0008503901708322493,0.9999998262022536,6.328770925234125e-06,0.011788734599422033,0.0,0.0,0.9999999989632204,0.0,0.000819406258573958,0.0,0.0,0.0,0.0,0.0,0.9999999989632204,5.3572172528544167e-05
1772781641.0958488,0.528133937093266,2.0134361740498525e-05,1.0,0.0817399982076187,0.7970643387315828,1.0,1.0,1.0,0.0,0.0,0.0,0.10651368045001601,0.0,0.0,1.0,0.0008443908038038092,0.0013463159733007398,0.004221954019019046,0.0008191300181765064,0.9999998740279805,6.3009868963501204e-06,0.011788735661537045,0.0,0.0,0.9999999992742543,0.0,0.0008212563643400189,0.0,0.0,0.0,0.0,0.0,0.9999999992742543,5.316856626637509e-05
1772781641.1330876,0.5291685307559643,2.0002953356257168e-05,1.0,0.08172739832568152,0.7963020687231299,1.0,1.0,1.0,0.0,0.0,0.0,0.10656308547762029,0.0,0.0,1.0,0.0007908974705090292,0.0012416598869494308,0.003954487352545146,0.0007370470599146556,0.9999998997810132,6.301327269985718e-06,0.011788736405017554,0.0,0.0,0.9999999994919779,0.0,0.0008225192220781732,0.0,0.0,0.0,0.0,0.0,0.9999999994919779,5.272998216353805e-05
1772781641.170279,0.5301430448736167,1.9827034189871466e-05,1.0,0.0815603499055633,0.7945774008980377,1.0,1.0,1.0,0.0,0.0,0.0,0.10662822026688204,0.0,0.0,1.0,0.0007125018471835469,0.0011256198289130983,0.0035625092359177343,0.0007227210022567158,0.9999999191573397,6.292549083868454e-06,0.011788736925453909,0.0,0.0,0.9999999996443845,0.0,0.0008229683757888851,0.0,0.0,0.0,0.0,0.0,0.9999999996443845,5.220158416045928e-05
1772781641.2134829,0.5281739970642269,1.9862313126749668e-05,1.0,0.08115971545216925,0.7941100346950953,1.0,1.0,1.0,0.0,0.0,0.0,0.10668661392823386,0.0,0.0,1.0,0.0006675637028531452,0.0010392241089603165,0.003337818514265726,0.0006714181022212058,0.9999999347951376,6.26204914481875e-06,0.011788737289759358,0.0,0.0,0.9999999997510691,0.0,0.0008227926443596554,0.0,0.0,0.0,0.0,0.0,0.9999999997510691,5.1615147466871355e-05
1772781641.2516263,0.5295714847330678,1.9812949354852783e-05,1.0,0.08167481780139706,0.791773672460234,1.0,1.0,1.0,0.0,0.0,0.0,0.10674514211576593,0.0,0.0,1.0,0.0008544931574304655,0.001202445613343828,0.004272465787152327,0.0007302583948297123,0.9999999459226513,6.2554728292773805e-06,0.011788737544773172,0.0,0.0,0.9999999998257483,0.0,0.0008219507537775902,0.0,0.0,0.0,0.0,0.0,0.9999999998257483,5.131559839601322e-05
1772781641.2903247,0.5301354871587571,1.968933897776729e-05,1.0,0.08162986905387928,0.7943356814574045,1.0,1.0,1.0,0.0,0.0,0.0,0.10681790044091832,0.0,0.0,1.0,0.0008118081845926731,0.0011731420555484771,0.004059040922963365,0.0006991701154349521,0.9999999457948898,6.233829144620878e-06,0.011788737723282842,0.0,0.0,0.9999999998780238,0.0,0.0008209408306158177,0.0,0.0,0.0,0.0,0.0,0.9999999998780238,5.091984626666776e-05
1772781641.326653,0.5289174084934005,1.9615494726719482e-05,1.0,0.08172989635822644,0.7943077970341048,1.0,1.0,1.0,0.0,0.0,0.0,0.10688242388461203,0.0,0.0,1.0,0.000843266579493103,0.0013361006044069735,0.004216332897465515,0.0006733331450984896,0.9999998640534058,6.1950298476143966e-06,0.011788737848239611,0.0,0.0,0.9999999999146165,0.0,0.0008196827418127152,0.0,0.0,0.0,0.0,0.0,0.9999999999146165,5.047956083532829e-05
1772781641.3642886,0.5308808232045843,1.9574675852181877e-05,1.0,0.08172399294201489,0.794086128285787,1.0,1.0,1.0,0.0,0.0,0.0,0.10696538666171265,0.0,0.0,1.0,0.0008919041524970599,0.0013317259747634032,0.0044595207624852995,0.00064857108193214,0.9999998772573728,6.1625727100929275e-06,0.011788737935709349,0.0,0.0,0.9999999999402316,0.0,0.0008181501975770268,0.0,0.0,0.0,0.0,0.0,0.9999999999402316,4.995326220721304e-05
1772781641.4004686,0.5313338302190163,1.9470883607397298e-05,1.0,0.08161253822874336,0.7957697868674575,1.0,1.0,1.0,0.0,0.0,0.0,0.10704158010280235,0.0,0.0,1.0,0.0008705808807421445,0.0013202854601182931,0.004352904403710722,0.000686479877999977,0.9999998635810737,6.112856682820945e-06,0.011788737996938166,0.0,0.0,0.9999999999581621,0.0,0.0008163341187952019,0.0,0.0,0.0,0.0,0.0,0.9999999999581621,4.9397926702324146e-05
1772781641.4416907,0.5320640294576311,1.9351266541673923e-05,1.0,0.08166060674210962,0.7961030493675427,1.0,1.0,1.0,0.0,0.0,0.0,0.10712007921739815,0.0,0.0,1.0,0.0009035391203038231,0.0013440075970823303,0.004517695601519115,0.0007490833983739904,0.999999865035469,6.051798845889916e-06,0.011788738039798338,0.0,0.0,0.9999999999707134,0.0,0.0008145086722201114,0.0,0.0,0.0,0.0,0.0,0.9999999999707134,4.880104199056663e-05
1772781641.4778523,0.5303299661154454,1.9275270015131582e-05,1.0,0.08167242742863573,0.7963898674024144,1.0,1.0,1.0,0.0,0.0,0.0,0.10717934778540542,0.0,0.0,1.0,0.0009457612522986849,0.0013925667464950897,0.0047288062614934245,0.0008398792166036536,0.9999998588205545,5.987164491049776e-06,0.011788738069800459,0.0,0.0,0.9999999999794993,0.0,0.0008129649209283991,0.0,0.0,0.0,0.0,0.0,0.9999999999794993,4.8346788947875096e-05
1772781641.5151546,0.5303111669404137,1.9142650430618264e-05,1.0,0.0816131630863463,0.7947456270345228,1.0,1.0,1.0,0.0,0.0,0.0,0.10722965251556407,0.0,0.0,1.0,0.001017867993357116,0.0014582928657601506,0.00508933996678558,0.0008421938729769908,0.9999998682344259,5.919652711618363e-06,0.011788738090801942,0.0,0.0,0.9999999999856495,0.0,0.000812015079518583,0.0,0.0,0.0,0.0,0.0,0.9999999999856495,4.7828887200365186e-05
1772781641.5527298,0.5304214200705101,1.8971418532012628e-05,1.0,0.0818811351947033,0.7963282719550654,1.0,1.0,1.0,0.0,0.0,0.0,0.10727437297663485,0.0,0.0,1.0,0.000863573999959528,0.0012597969556205804,0.004317869999797641,0.000726094809107087,0.9999998978237921,5.8508036846610145e-06,0.011788738105502981,0.0,0.0,0.9999999999899545,0.0,0.0008114870711940272,0.0,0.0,0.0,0.0,0.0,0.9999999999899545,4.7288405085344194e-05
1772781641.5915692,0.5335729142224109,1.9190007468616916e-05,1.0,0.08221590012910647,0.796823894953913,1.0,1.0,1.0,0.0,0.0,0.0,0.10732319790512235,0.0,0.0,1.0,0.0007975718128733934,0.001202566960207217,0.003987859064366967,0.0006774773964752897,0.9999998912254258,5.780866198809705e-06,0.011788738115793708,0.0,0.0,0.9999999999929681,0.0,0.0008107667976890756,0.0,0.0,0.0,0.0,0.0,0.9999999999929681,4.6741931931875066e-05
1772781641.6286378,0.5330664206846583,1.9266654400324624e-05,1.0,0.08198624186338631,0.7950500165801799,1.0,1.0,1.0,0.0,0.0,0.0,0.10737425206728171,0.0,0.0,1.0,0.0007991574522300455,0.0014115942457149763,0.003995787261150227,0.0006810719012757789,0.9999998248246039,5.7335404684326704e-06,0.011788738122997217,0.0,0.0,0.9999999999950775,0.0,0.0008097217483053263,0.0,0.0,0.0,0.0,0.0,0.9999999999950775,4.622753482995001e-05
1772781641.666943,0.5323686530769728,1.9242718460078008e-05,1.0,0.08188633218506619,0.7959174382502354,1.0,1.0,1.0,0.0,0.0,0.0,0.10743041840301995,0.0,0.0,1.0,0.0008537717873753205,0.0015106057303393584,0.004268858936876601,0.0007003783218655585,0.9999997810358758,5.6924988193244875e-06,0.011788738128039673,0.0,0.0,0.9999999999965541,0.0,0.0008084785459050771,0.0,0.0,0.0,0.0,0.0,0.9999999999965541,4.569736704677809e-05
1772781641.7063613,0.531616107235541,1.9154927677791925e-05,1.0,0.08172500747844251,0.7956920406583956,1.0,1.0,1.0,0.0,0.0,0.0,0.10749306052421864,0.0,0.0,1.0,0.0008323965307159512,0.0014975507078797035,0.004161982653579755,0.0006495870433589963,0.9999997984992117,5.647115756468523e-06,0.011788738131569393,0.0,0.0,0.9999999999975877,0.0,0.0008071875065511467,0.0,0.0,0.0,0.0,0.0,0.9999999999975877,4.518521355494034e-05
1772781641.7453022,0.5308524882728657,1.9033142712574365e-05,1.0,0.08162876511399272,0.7964176098389452,1.0,1.0,1.0,0.0,0.0,0.0,0.10754680707308759,0.0,0.0,1.0,0.0008643497898682224,0.0014301742128455083,0.004321748949341111,0.0007005893132594814,0.9999998315693689,5.594217027286466e-06,0.011788738134040197,0.0,0.0,0.9999999999983114,0.0,0.0008056735630637917,0.0,0.0,0.0,0.0,0.0,0.9999999999983114,4.4720422386568056e-05
1772781641.7806404,0.5316242631860302,1.8899607674127224e-05,1.0,0.08156425840878626,0.795956906511557,1.0,1.0,1.0,0.0,0.0,0.0,0.10759253795614518,0.0,0.0,1.0,0.0008204234539134903,0.0014196125983113805,0.004102117269567451,0.000638280944832118,0.9999998322111545,5.536298898026044e-06,0.01178873813576976,0.0,0.0,0.9999999999988178,0.0,0.0008042181465901738,0.0,0.0,0.0,0.0,0.0,0.9999999999988178,4.42752431619557e-05
1772781641.818392,0.5298734399600391,1.8835529378089655e-05,1.0,0.08112780854573247,0.7965429650778366,1.0,1.0,1.0,0.0,0.0,0.0,0.10765178753645448,0.0,0.0,1.0,0.0008792154131775836,0.0015064495289780835,0.0043960770658879175,0.0006553424194356296,0.9999998432812647,5.475728885414569e-06,0.011788738136980453,0.0,0.0,0.9999999999991724,0.0,0.0008025741964817709,0.0,0.0,0.0,0.0,0.0,0.9999999999991724,4.379516500481843e-05
1772781641.8599596,0.5285043845611681,1.883577456092074e-05,1.0,0.08091652398356332,0.7961225162600318,1.0,1.0,1.0,0.0,0.0,0.0,0.10771991096916664,0.0,0.0,1.0,0.0008468751629967307,0.0016221283718152878,0.004234375814983653,0.0006344465405624747,0.9999997870157782,5.419537910348895e-06,0.011788738137827938,0.0,0.0,0.9999999999994207,0.0,0.0008008788900383198,0.0,0.0,0.0,0.0,0.0,0.9999999999994207,4.3317408290406196e-05
1772781641.8967125,0.5277848576807914,1.8847369390016328e-05,1.0,0.0808350023608512,0.7984080409629576,1.0,1.0,1.0,0.0,0.0,0.0,0.10778884530373395,0.0,0.0,1.0,0.0009763761847118278,0.0016116572966987067,0.004881880923559139,0.0006589630672316617,0.9999998349579236,5.386684412974486e-06,0.011788738138421179,0.0,0.0,0.9999999999995943,0.0,0.0007990828881487499,0.0,0.0,0.0,0.0,0.0,0.9999999999995943,4.296755950784112e-05
1772781641.9342353,0.5265922573193595,1.8960963896033636e-05,1.0,0.08073980911632678,0.7982754807016688,1.0,1.0,1.0,0.0,0.0,0.0,0.10787427902979042,0.0,0.0,1.0,0.000941740882747639,0.001466060159271473,0.004708704413738195,0.0006837748525005717,0.999999869851669,5.385115565161188e-06,0.011788738138836448,0.0,0.0,0.999999999999716,0.0,0.0007973222455303419,0.0,0.0,0.0,0.0,0.0,0.999999999999716,4.257107112354785e-05
1772781641.9715104,0.5270968325218625,1.899155673937759e-05,1.0,0.08093703305147035,0.7986295186057297,1.0,1.0,1.0,0.0,0.0,0.0,0.1079602691121678,0.0,0.0,1.0,0.0009183565308725656,0.0014960007314687909,0.004591782654362828,0.0007163315938532723,0.9999998632233023,5.437608704782181e-06,0.012112677833872869,0.0,0.0,0.999999999999801,0.0,0.0007956894082818948,0.0,0.0,0.0,0.0,0.0,0.999999999999801,4.215504153425871e-05
1772781642.0081694,0.5255443299013162,1.9213433612983902e-05,1.0,0.08087687257725738,0.7956607856456179,1.0,1.0,1.0,0.0,0.0,0.0,0.10804506672817267,0.0,0.0,1.0,0.0008061391068350623,0.0013803589274292735,0.0040306955341753116,0.000748849469363602,0.9999998654213522,5.509789454130739e-06,0.012339435620398364,0.0,0.0,0.9999999999998608,0.0,0.0007942733576506966,0.0,0.0,0.0,0.0,0.0,0.9999999999998608,4.172488289535594e-05
1772781642.046071,0.524834667682097,1.9488179800708387e-05,1.0,0.08066670896196416,0.7946884700253352,1.0,1.0,1.0,0.0,0.0,0.0,0.10812330551265388,0.0,0.0,1.0,0.0009316993258093041,0.0015810684118684518,0.004658496629046521,0.0008083688335449664,0.9999998395650039,5.64479658472705e-06,0.012812544296379225,0.0,0.0,0.9999999999999025,0.0,0.0007931316944583306,0.0,0.0,0.0,0.0,0.0,0.9999999999999025,4.128142543850041e-05
1772781642.0857673,0.5254471024980664,1.9654439373931293e-05,1.0,0.08091516199231669,0.7915473858185358,1.0,1.0,1.0,0.0,0.0,0.0,0.10820249254345925,0.0,0.0,1.0,0.000998395662561417,0.0016417763734998278,0.004991978312807085,0.0008403405037314057,0.9999998468154709,5.847766457756406e-06,0.013356619035331588,0.0,0.0,0.9999999999999316,0.0,0.0007923957102937997,0.0,0.0,0.0,0.0,0.0,0.9999999999999316,4.0847469371850215e-05
1772781642.1235504,0.5297023741565896,1.9991357559141026e-05,1.0,0.0817038257234178,0.7917431269835061,1.0,1.0,1.0,0.0,0.0,0.0,0.10827412977763201,0.0,0.0,1.0,0.0010117952708990254,0.001630884674431998,0.005058976354495127,0.0008557841813059274,0.9999998020255874,6.068674412913265e-06,0.013737471352598242,0.0,0.0,0.999999999999952,0.0,0.0007920537612268427,0.0,0.0,0.0,0.0,0.0,0.999999999999952,4.0463430074622056e-05
1772781642.160969,0.5312230438890202,2.021730639606437e-05,1.0,0.08206728498754964,0.7923988876512922,1.0,1.0,1.0,0.0,0.0,0.0,0.10834864848305217,0.0,0.0,1.0,0.0010993773838458122,0.001825557135468052,0.00549688691922906,0.0008876004865821343,0.9999997254759201,6.204663430784901e-06,0.014004067974684899,0.0,0.0,0.9999999999999665,0.0,0.0007920369082635428,0.0,0.0,0.0,0.0,0.0,0.9999999999999665,4.007321513409338e-05
1772781642.1987958,0.531712606310002,2.0322984799546828e-05,1.0,0.08162319792846419,0.7924197742885919,1.0,1.0,1.0,0.0,0.0,0.0,0.10842270330045137,0.0,0.0,1.0,0.0011447842401743115,0.0020723786995881267,0.005723921200871557,0.0008989987239429865,0.9999996426601264,6.278280784919902e-06,0.01419068561014556,0.0,0.0,0.9999999999999765,0.0,0.0007923510301729815,0.0,0.0,0.0,0.0,0.0,0.9999999999999765,3.9676146790035196e-05
1772781642.239106,0.5282684426567626,2.0682258878136507e-05,1.0,0.08126916902791581,0.7925668094181977,1.0,1.0,1.0,0.0,0.0,0.0,0.10849410009367802,0.0,0.0,1.0,0.0011602034264992594,0.0019187398512631923,0.005801017132496297,0.0008850297034930523,0.9999997053911649,6.310933607083186e-06,0.014321317954968023,0.0,0.0,0.9999999999999836,0.0,0.0007929279314960424,0.0,0.0,0.0,0.0,0.0,0.9999999999999836,3.92823225798626e-05
1772781642.2768111,0.5301210412356778,2.091408179036175e-05,1.0,0.08147253261084059,0.793009517050529,1.0,1.0,1.0,0.0,0.0,0.0,0.10854844406964843,0.0,0.0,1.0,0.0009162555767840964,0.001479799507509996,0.004581277883920483,0.0007903467755267817,0.9999997926891699,6.333563444701615e-06,0.014412760596343747,0.0,0.0,0.9999999999999885,0.0,0.0007936342813185514,0.0,0.0,0.0,0.0,0.0,0.9999999999999885,3.894947447184457e-05
1772781642.3144815,0.5278223313170367,2.121608345610626e-05,1.0,0.08105095439524729,0.7931303773665327,1.0,1.0,1.0,0.0,0.0,0.0,0.10860641087223127,0.0,0.0,1.0,0.0008558746292471086,0.0015164172112292246,0.004279373146235544,0.0007814380925750346,0.9999997856567333,6.329715897189434e-06,0.014476770445306753,0.0,0.0,0.9999999999999918,0.0,0.0007941124548029528,0.0,0.0,0.0,0.0,0.0,0.9999999999999918,3.860236094616356e-05
1772781642.3548956,0.5290600427302355,2.13640878826899e-05,1.0,0.08177263866168519,0.7930428870200597,1.0,1.0,1.0,0.0,0.0,0.0,0.10865415089901442,0.0,0.0,1.0,0.0007918350217845661,0.0014286667218410226,0.003959175108922831,0.000689831464500136,0.999999819244493,6.3342671707469515e-06,0.014521577339580857,0.0,0.0,0.9999999999999942,0.0,0.0007944022085234746,0.0,0.0,0.0,0.0,0.0,0.9999999999999942,3.824704058956338e-05
1772781642.3961613,0.5284898356017107,2.1432601595585377e-05,1.0,0.08171796434497959,0.7938143306006686,1.0,1.0,1.0,0.0,0.0,0.0,0.10870740253052273,0.0,0.0,1.0,0.0008165927920437729,0.0014023693084364273,0.004082963960218865,0.0006987148414081995,0.9999998381408672,6.325875806659642e-06,0.01455294216557273,0.0,0.0,0.999999999999996,0.0,0.0007942655302051369,0.0,0.0,0.0,0.0,0.0,0.999999999999996,3.7946364759360214e-05
1772781642.4334702,0.5297277981189583,2.1427513493686245e-05,1.0,0.0819336397525529,0.7926332251319733,1.0,1.0,1.0,0.0,0.0,0.0,0.10874934942671913,0.0,0.0,1.0,0.000885646645491623,0.0014113344862148667,0.004428233227458115,0.0006961034766844804,0.9999998727365329,6.315456046379149e-06,0.014574897543767042,0.0,0.0,0.9999999999999971,0.0,0.000793865924192766,0.0,0.0,0.0,0.0,0.0,0.9999999999999971,3.771093833267022e-05
1772781642.4701838,0.5313272898254479,2.1423063893777342e-05,1.0,0.08214360691306896,0.7912044864856851,1.0,1.0,1.0,0.0,0.0,0.0,0.10877132173417833,0.0,0.0,1.0,0.0009296973224660675,0.0013776896743689167,0.004648486612330338,0.0007102593218378695,0.9999998991491043,6.291173719601319e-06,0.01459026630850306,0.0,0.0,0.999999999999998,0.0,0.0007932804209310134,0.0,0.0,0.0,0.0,0.0,0.999999999999998,3.743414258033086e-05
1772781642.5137184,0.5306502779856277,2.135986128493114e-05,1.0,0.08227930159978025,0.7903368563459714,1.0,1.0,1.0,0.0,0.0,0.0,0.1087815534094305,0.0,0.0,1.0,0.0009139313109046293,0.0014408157115989705,0.004569656554523147,0.000675010750536965,0.9999998660926654,6.2559991038807785e-06,0.014601024443818273,0.0,0.0,0.9999999999999984,0.0,0.0007926153970077374,0.0,0.0,0.0,0.0,0.0,0.9999999999999984,3.712639293727817e-05
1772781642.5525327,0.5308855112802616,2.1253490260027522e-05,1.0,0.08201393536084195,0.7917616783995028,1.0,1.0,1.0,0.0,0.0,0.0,0.10880403452642662,0.0,0.0,1.0,0.0009542620145148277,0.0014870313993290817,0.0047713100725741385,0.0007161816659630874,0.9999998680565269,6.212285787846412e-06,0.014608555138538922,0.0,0.0,0.9999999999999989,0.0,0.0007917909536924243,0.0,0.0,0.0,0.0,0.0,0.9999999999999989,3.697805502336721e-05
1772781642.5909142,0.5279034647777036,2.13881795149786e-05,1.0,0.08140844570999589,0.7932548886012696,1.0,1.0,1.0,0.0,0.0,0.0,0.10883214203048339,0.0,0.0,1.0,0.0009955803192265155,0.0015551753520413225,0.004977901596132577,0.0008489090411074513,0.9999998588199124,6.163104688156306e-06,0.014613826624843377,0.0,0.0,0.9999999999999991,0.0,0.0007909882752492757,0.0,0.0,0.0,0.0,0.0,0.9999999999999991,3.678574582211947e-05
1772781642.6250403,0.5283709488218458,2.1419888652155733e-05,1.0,0.08184030896942374,0.7927153386678982,1.0,1.0,1.0,0.0,0.0,0.0,0.10884925801384052,0.0,0.0,1.0,0.0009260788853070003,0.0014128198299991073,0.004630394426535001,0.0007665880931940372,0.9999998852845173,6.133573677742482e-06,0.014617516665256495,0.0,0.0,0.9999999999999993,0.0,0.0007906075933155126,0.0,0.0,0.0,0.0,0.0,0.9999999999999993,3.655713764508344e-05
1772781642.6604288,0.531420429551043,2.1574047535302196e-05,1.0,0.08183399726338435,0.7930458562113296,1.0,1.0,1.0,0.0,0.0,0.0,0.10886984508199204,0.0,0.0,1.0,0.0008729513768754419,0.001428757507241028,0.0043647568843772095,0.0007411392810287565,0.9999998784724653,6.110240567956109e-06,0.014620099693545677,0.0,0.0,0.9999999999999996,0.0,0.0007902717222350505,0.0,0.0,0.0,0.0,0.0,0.9999999999999996,3.629871278440153e-05
1772781642.6997175,0.5301952967006266,2.1645803706318664e-05,1.0,0.0817261529796834,0.7940000981494557,1.0,1.0,1.0,0.0,0.0,0.0,0.1088758285126881,0.0,0.0,1.0,0.0009044113854461933,0.001378101475661377,0.0045220569272309665,0.0007288596143767413,0.9999998973639042,6.07773428166501e-06,0.014621907813348104,0.0,0.0,0.9999999999999996,0.0,0.0007898930023539193,0.0,0.0,0.0,0.0,0.0,0.9999999999999996,3.601184318435396e-05
1772781642.7376547,0.5325350896546168,2.179770816951426e-05,1.0,0.08199949251821459,0.7950258017298798,1.0,1.0,1.0,0.0,0.0,0.0,0.10889118692278776,0.0,0.0,1.0,0.0009010695124168676,0.0013572409846503552,0.004505347562084338,0.0007081238227231438,0.9999998939163403,6.037910340092469e-06,0.014623173497209803,0.0,0.0,0.9999999999999996,0.0,0.0007894509875304965,0.0,0.0,0.0,0.0,0.0,0.9999999999999996,3.573796109413458e-05
1772781642.7748377,0.5350947519391466,2.2159169695421854e-05,1.0,0.08211001694293667,0.794518292187931,1.0,1.0,1.0,0.0,0.0,0.0,0.10890259193602714,0.0,0.0,1.0,0.0009647922866486816,0.0013732456018264,0.004823961433243408,0.0007333488398036632,0.9999999049646815,6.003094827181554e-06,0.014624059475912993,0.0,0.0,0.9999999999999996,0.0,0.0007889077059010345,0.0,0.0,0.0,0.0,0.0,0.9999999999999996,3.545363055725516e-05
1772781642.8147206,0.5333191998579495,2.2352219569768887e-05,1.0,0.08185213322845918,0.7924832509179207,1.0,1.0,1.0,0.0,0.0,0.0,0.10890260181091085,0.0,0.0,1.0,0.0008919342333268708,0.0013078775381257827,0.004459671166634354,0.0007436892220357711,0.9999999104322193,6.017909919933582e-06,0.014624679661005226,0.0,0.0,0.9999999999999996,0.0,0.00078837079950379,0.0,0.0,0.0,0.0,0.0,0.9999999999999996,3.515699511781363e-05
1772781642.851423,0.5317512364046358,2.2440273992758913e-05,1.0,0.08139439458143109,0.7933790623706518,1.0,1.0,1.0,0.0,0.0,0.0,0.10884974235999893,0.0,0.0,1.0,0.0010687996771195927,0.0014529635944478204,0.005343998385597964,0.0009038640510558316,0.9999999123344567,6.03040990342763e-06,0.014625113790569789,0.0,0.0,0.9999999999999996,0.0,0.000787870882751792,0.0,0.0,0.0,0.0,0.0,0.9999999999999996,3.4891740934106755e-05
1772781642.8931377,0.5278696949023305,2.282199765743636e-05,1.0,0.08094681922703756,0.7932086594397982,1.0,1.0,1.0,0.0,0.0,0.0,0.10871136272214449,0.0,0.0,1.0,0.0011017497683889934,0.0017981051736190644,0.005508748841944968,0.0012556138290257686,0.9999997422740355,6.024966179128226e-06,0.014625417681264982,0.0,0.0,0.9999999999999996,0.0,0.0007878525249142387,0.0,0.0,0.0,0.0,0.0,0.9999999999999996,3.460918747117085e-05
1772781642.9307451,0.526682378391745,2.314113806728471e-05,1.0,0.08035898278435545,0.7912632586022941,1.0,1.0,1.0,0.0,0.0,0.0,0.10851996643824305,0.0,0.0,1.0,0.0010833016014099477,0.0018929282767446492,0.00541650800704974,0.0012986548134125957,0.9999996668680227,6.0270875728514685e-06,0.014625630404751618,0.0,0.0,0.9999999999999996,0.0,0.0007891512748178556,0.0,0.0,0.0,0.0,0.0,0.9999999999999996,3.440369425413267e-05
1772781642.9670863,0.5257695090972836,2.3423211607865757e-05,1.0,0.08036479334622523,0.7931706901485227,1.0,1.0,1.0,0.0,0.0,0.0,0.10834271045664456,0.0,0.0,1.0,0.0010791370299104422,0.001880148336439166,0.005395685149552212,0.001215557116173876,0.9999996975380023,6.056400383737943e-06,0.014625779311192263,0.0,0.0,0.9999999999999996,0.0,0.0007914672695341456,0.0,0.0,0.0,0.0,0.0,0.9999999999999996,3.417061022521718e-05
1772781643.0037947,0.5228245781181758,2.4113733455068925e-05,1.0,0.07986071526273555,0.7947878755187239,1.0,1.0,1.0,0.0,0.0,0.0,0.10817466946616533,0.0,0.0,1.0,0.0011644116973030944,0.0019689907144503703,0.005822058486515473,0.0013165603964267008,0.9999997157399911,6.125552612759172e-06,0.014625883545700715,0.0,0.0,0.9999999999999996,0.0,0.000794240812236379,0.0,0.0,0.0,0.0,0.0,0.9999999999999996,3.3914127704610735e-05
1772781643.0478303,0.520900480831571,2.503692505138414e-05,1.0,0.07971954674745473,0.7951057528487804,1.0,1.0,1.0,0.0,0.0,0.0,0.1080397774759363,0.0,0.0,1.0,0.0011512484006105492,0.0019439612304627796,0.005756242003052746,0.001227999571249613,0.9999997487656727,6.321253112929039e-06,0.01522898337903297,0.0,0.0,0.9999999999999996,0.0,0.0007975891502676291,0.0,0.0,0.0,0.0,0.0,0.9999999999999996,3.364369118652571e-05
1772781643.084207,0.5215894136483779,2.573598683616134e-05,1.0,0.08002593877961213,0.7927572586442491,1.0,1.0,1.0,0.0,0.0,0.0,0.10792850978561419,0.0,0.0,1.0,0.0012003755920855076,0.0018947314835145242,0.006001877960427539,0.0012707655386701119,0.9999997955224587,6.689530480343449e-06,0.016228382448346988,0.0,0.0,0.9999999999999996,0.0,0.0008010751426523214,0.0,0.0,0.0,0.0,0.0,0.9999999999999996,3.353141733504824e-05
1772781643.1263664,0.5233502724485987,2.616987408938632e-05,1.0,0.08011598880737716,0.7966596153985006,1.0,1.0,1.0,0.0,0.0,0.0,0.10784904019121294,0.0,0.0,1.0,0.0013625836019166226,0.002004310384387536,0.006812918009583113,0.001518627840198648,0.9999997782945262,7.136331316927006e-06,0.0169279617968668,0.0,0.0,0.9999999999999996,0.0,0.0008047516491442495,0.0,0.0,0.0,0.0,0.0,0.9999999999999996,3.336295496543789e-05
1772781643.1645985,0.5292180096087159,2.6837247625161987e-05,1.0,0.0808994050407312,0.7986800055128864,1.0,1.0,1.0,0.0,0.0,0.0,0.10778540064037767,0.0,0.0,1.0,0.0017124394874575427,0.002431667057274791,0.008562197437287714,0.0018645649782278054,0.9999995775689998,7.557706427002499e-06,0.01741766734083067,0.0,0.0,0.9999999999999996,0.0,0.0008091976753945456,0.0,0.0,0.0,0.0,0.0,0.9999999999999996,3.324955182253731e-05
1772781643.2052944,0.5295238382132393,2.7230381096096058e-05,1.0,0.08086990361172314,0.8003920200419367,1.0,1.0,1.0,0.0,0.0,0.0,0.10772048225636216,0.0,0.0,1.0,0.002319586923979168,0.003084860714540962,0.01159793461989584,0.002439435832685905,0.9999994423177407,7.833393196206396e-06,0.017760461221605378,0.0,0.0,0.9999999999999996,0.0,0.000815059875984444,0.0,0.0,0.0,0.0,0.0,0.9999999999999996,3.3092436093008345e-05
1772781643.2466218,0.5302236262494563,2.744062211121685e-05,1.0,0.0809672397897164,0.7987150607647087,1.0,1.0,1.0,0.0,0.0,0.0,0.10765845594768356,0.0,0.0,1.0,0.0031312164147596043,0.003980270209282988,0.01565608207379802,0.003317061658478969,0.9999994036307305,8.005883411279908e-06,0.018000416938147676,0.0,0.0,0.9973913043478257,0.0,0.0008233652359330033,0.0,0.0,0.0,0.0,0.285,0.9973913043478257,3.294638146872341e-05
1772781643.2900057,0.5285259761572991,2.7594695924790794e-05,1.0,0.08077108231139872,0.7982242078498062,1.0,1.0,1.0,0.0,0.0,0.0,0.10759096575519747,0.0,0.0,1.0,0.004715527794294615,0.006020175632360198,0.023577638971473077,0.004774335102845892,0.9999986048420835,8.104899509958771e-06,0.018168385939727284,0.0,0.0,0.9930014992503745,0.0,0.0008355780842314759,0.0,0.0,0.0,0.0,0.48449999999999993,0.9930014992503745,3.2823048095558766e-05
1772781643.3284528,0.5290679035340855,2.763164460309521e-05,1.0,0.08075975012095674,0.7963486460503904,1.0,1.0,1.0,0.0,0.0,0.0,0.10752747087792108,0.0,0.0,1.0,0.0053967913013363445,0.006975310352224599,0.026983956506681728,0.005519248233571143,0.999998168374485,8.160912391173018e-06,0.018285964240833008,0.0,0.0,0.9874087417829543,0.0,0.0008541533866880596,0.0,0.0,0.0,0.0,0.62415,0.9874087417829543,3.277771802887101e-05
1772781643.3661063,0.5277083266967838,2.7664388674422587e-05,1.0,0.08089731289456556,0.7911198634668546,1.0,1.0,1.0,0.0,0.0,0.0,0.1074683915505189,0.0,0.0,1.0,0.005047844748485555,0.006474328165090661,0.025239223742427777,0.005198913484281482,0.9999985210277991,8.18282493565601e-06,0.018368269051607017,0.0,0.0,0.9810166277226443,0.0,0.000878906316563137,0.0,0.0,0.0,0.0,0.721905,0.9810166277226443,3.267227541173307e-05
1772781643.408486,0.5293151487251121,2.7640775345135487e-05,1.0,0.08101958404018322,0.7904849381739971,1.0,1.0,1.0,0.0,0.0,0.0,0.10740681742730787,0.0,0.0,1.0,0.004542773885640127,0.005990652007380416,0.02271386942820064,0.004794476968778673,0.9999985482727485,8.193973102618244e-06,0.01842588241914882,0.0,0.0,0.9741065973890443,0.0,0.0009069785363782369,0.0,0.0,0.0,0.0,0.7903335,0.9741065973890443,3.2519529077831905e-05
1772781643.4451694,0.5294510506630182,2.7556055361118337e-05,1.0,0.08106862152911033,0.7896108154503069,1.0,1.0,1.0,0.0,0.0,0.0,0.10734997449196551,0.0,0.0,1.0,0.004118451025591102,0.0054060826056392605,0.02059225512795551,0.004342405096381525,0.9999988846651544,8.18344509081068e-06,0.018466211776428085,0.0,0.0,0.9668746181723309,0.0,0.0009361840817142199,0.0,0.0,0.0,0.0,0.8382334499999999,0.9668746181723309,3.2418395180467546e-05
1772781643.4836304,0.5318427949893845,2.756194830018986e-05,1.0,0.0813266686401911,0.7928879885855588,1.0,1.0,1.0,0.0,0.0,0.0,0.10729955513682653,0.0,0.0,1.0,0.004119762981961346,0.005388654469560483,0.020598814909806733,0.004271822901110662,0.9999989626204953,8.157428900588934e-06,0.01849444232652357,0.0,0.0,0.9594568608198051,0.0,0.0009649041818185402,0.0,0.0,0.0,0.0,0.871763415,0.9594568608198051,3.226720076601782e-05
1772781643.520089,0.5327768576698426,2.755554294416068e-05,1.0,0.08145368150806695,0.7948727600652821,1.0,1.0,1.0,0.0,0.0,0.0,0.10724264916965806,0.0,0.0,1.0,0.003877573447540171,0.005042898036245668,0.01938786723770086,0.004027763543698083,0.9999990643724321,8.125521806076056e-06,0.018514203711590408,0.0,0.0,0.9519476714263226,0.0,0.0009929752317744713,0.0,0.0,0.0,0.0,0.8952343905,0.9519476714263226,3.209135518309838e-05
1772781643.557288,0.5367117540786683,2.807897491955156e-05,1.0,0.08208841510131744,0.7958370422013347,1.0,1.0,1.0,0.0,0.0,0.0,0.10718569529722266,0.0,0.0,1.0,0.003163422212973939,0.004089275734587808,0.015817111064869695,0.003212840544106647,0.9999993264950109,8.098879110088854e-06,0.018528036681137196,0.0,0.0,0.9444121504862307,0.0,0.001019867135512793,0.0,0.0,0.0,0.0,0.9116640733499999,0.9444121504862307,3.189038006060551e-05
1772781643.5939524,0.5372412112664513,2.8534999983272533e-05,1.0,0.0820953120119156,0.7958723665902457,1.0,1.0,1.0,0.0,0.0,0.0,0.10713325721399,0.0,0.0,1.0,0.0024759420682043784,0.003260613250913293,0.012379710341021892,0.0024724899902057672,0.9999994982271299,8.160057967792103e-06,0.018537719759819948,0.0,0.0,0.9368949569532646,0.0,0.001043845239822855,0.0,0.0,0.0,0.0,0.9231648513449999,0.9368949569532646,3.167407717741971e-05
1772781643.6324737,0.5380008028639945,2.8993672232287588e-05,1.0,0.08235893596523552,0.7935171654862654,1.0,1.0,1.0,0.0,0.0,0.0,0.10707268161832681,0.0,0.0,1.0,0.00205127701666782,0.0027183800900812028,0.0102563850833391,0.0019849655604153686,0.9999996348743688,8.296610247023258e-06,0.018544497914897873,0.0,0.0,0.9294264698672852,0.0,0.0010639243828566808,0.0,0.0,0.0,0.0,0.9312153959414999,0.9294264698672852,3.144728373740478e-05
1772781643.6713727,0.5322859757925635,2.9552012105244207e-05,1.0,0.08156878394767776,0.7887942651982245,1.0,1.0,1.0,0.0,0.0,0.0,0.10700655480738469,0.0,0.0,1.0,0.0018387804242921066,0.0024289835071259923,0.009193902121460533,0.001731911818281665,0.9999996930173052,8.508604094581565e-06,0.018549242623452422,0.0,0.0,0.922027100335671,0.0,0.00108006118737039,0.0,0.0,0.0,0.0,0.93685077715905,0.922027100335671,3.122351402452602e-05
1772781643.7082467,0.531538012346752,2.987120603972345e-05,1.0,0.08130173768420518,0.7892966060195796,1.0,1.0,1.0,0.0,0.0,0.0,0.10694127483621024,0.0,0.0,1.0,0.001753681603713751,0.0023178444567670763,0.008768408018568756,0.0016406903732396677,0.9999997574221139,8.643652192124398e-06,0.018552563919440605,0.0,0.0,0.9170725135420562,0.0,0.0010928078121529297,0.0,0.0,0.0,0.0,0.9407955440113349,0.9170725135420562,3.1006562062230215e-05
1772781643.7478704,0.5248201028935724,3.1058704212488974e-05,1.0,0.08000324640761111,0.7767523425573861,1.0,1.0,1.0,0.0,0.0,0.0,0.10672433511860852,0.0,0.0,1.0,0.002114615267552001,0.002674921595587746,0.010573076337760005,0.0023192270576125108,0.9999997978224768,8.719880451948576e-06,0.018554888826632334,0.0,0.0,0.9138257594794393,0.0,0.001102944841148975,0.0,0.0,0.0,0.0,0.9435568808079344,0.9138257594794393,3.078283559127471e-05
1772781643.7850785,0.5219364976380683,3.23239552344513e-05,1.0,0.07940900453022598,0.7696632033129064,1.0,1.0,1.0,0.0,0.0,0.0,0.10640425934630968,0.0,0.0,1.0,0.0025561612221072735,0.0032708822612296513,0.012780806110536367,0.0029105814933844936,0.9999997006851739,8.826222234685092e-06,0.018556516261666545,0.0,0.0,0.9094454734960726,0.0,0.0011128143176062208,0.0,0.0,0.0,0.0,0.8054898165655541,0.9094454734960726,3.0576661993827635e-05
1772781643.8223717,0.5191403410035356,3.381934409941606e-05,1.0,0.07922908793293254,0.7679239960848694,1.0,1.0,1.0,0.0,0.0,0.0,0.10602276576394246,0.0,0.0,1.0,0.0025592979303075583,0.003129713572179622,0.012796489651537792,0.002705706393107151,0.999999780357258,9.044789414061269e-06,0.018557655466190492,0.0,0.0,0.9043041391395584,0.0,0.0011238185012740886,0.0,0.0,0.0,0.0,0.7088428715958879,0.9043041391395584,3.0363157560498462e-05
1772781643.8587582,0.5165378223270867,3.563446236614064e-05,1.0,0.07903952829235177,0.767802599734662,1.0,1.0,1.0,0.0,0.0,0.0,0.10562336906681322,0.0,0.0,1.0,0.0025142195742068737,0.0031674261704827903,0.01257109787103437,0.0026859939058551377,0.9999997788142674,9.462054360111224e-06,0.019086494857767894,0.0,0.0,0.8986617523595228,0.0,0.0011350852728872632,0.0,0.0,0.0,0.0,0.6411900101171215,0.8986617523595228,3.0145818883791922e-05
1772781643.9000194,0.5161010001059315,3.729786642457587e-05,1.0,0.07890621245704199,0.7690331452039261,1.0,1.0,1.0,0.0,0.0,0.0,0.10521405305290707,0.0,0.0,1.0,0.0024786462212209133,0.0032041360248668896,0.012393231106104565,0.002648414866487561,0.9999996978268413,1.015610789147136e-05,0.020237438034806744,0.0,0.0,0.8926995902880295,0.0,0.0011464370573328576,0.0,0.0,0.0,0.0,0.593833007081985,0.8926995902880295,2.9925937872259525e-05
1772781643.9344196,0.5177591998023783,3.8513259913045244e-05,1.0,0.07927403776685141,0.7731888075994828,1.0,1.0,1.0,0.0,0.0,0.0,0.10486378005217784,0.0,0.0,1.0,0.0025461791248306133,0.003215525435312459,0.012730895624153069,0.002722195563943589,0.9999997171516182,1.1058608090172581e-05,0.021174144925080487,0.0,0.0,0.8865438485399664,0.0,0.0011577114800811234,0.0,0.0,0.0,0.0,0.5606831049573895,0.8865438485399664,2.975366082108308e-05
1772781643.9734297,0.5209541616580659,3.927525669127377e-05,1.0,0.0798439556110228,0.7779001829874158,1.0,1.0,1.0,0.0,0.0,0.0,0.1045942476252882,0.0,0.0,1.0,0.0022612360992930202,0.002833173731148934,0.011306180496465102,0.0025528240343529783,0.9999997819940059,1.1997433620671271e-05,0.021829839748272104,0.0,0.0,0.8802821865152899,0.0,0.001169047256073827,0.0,0.0,0.0,0.0,0.5374781734701726,0.8802821865152899,2.957829022065659e-05
1772781644.0189762,0.5258907670051092,3.985207183087037e-05,1.0,0.08025404267624288,0.7840132922154948,1.0,1.0,1.0,0.0,0.0,0.0,0.10439437162188869,0.0,0.0,1.0,0.0019518241160575165,0.0024359124968359775,0.009759120580287583,0.0022196858867862585,0.9999998167980948,1.2802540361508887e-05,0.022288826124506236,0.0,0.0,0.8739753083384807,0.0,0.0011799985806782666,0.0,0.0,0.0,0.0,0.5212347214291208,0.8739753083384807,2.9402678927045633e-05
1772781644.0625432,0.526236934874186,4.0180325468837114e-05,1.0,0.08053469019723371,0.7866644075669654,1.0,1.0,1.0,0.0,0.0,0.0,0.10425325982378586,0.0,0.0,1.0,0.001789748280138305,0.002234768201500236,0.008948741400691525,0.001984157913427217,0.9999998163234198,1.3369054218658836e-05,0.02261011658787013,0.0,0.0,0.8698709511310541,0.0,0.00118990156867056,0.0,0.0,0.0,0.0,0.5098643050003845,0.8698709511310541,2.9389492996394704e-05
1772781644.107802,0.5277233419243158,4.032638001042939e-05,1.0,0.08062617084520382,0.7911748937730638,1.0,1.0,1.0,0.0,0.0,0.0,0.10414901044165698,0.0,0.0,1.0,0.0015468899453432367,0.0020672844611545464,0.007734449726716184,0.0017066860915744388,0.9999998246603022,1.3762258373999407e-05,0.022835019912224856,0.0,0.0,0.8673038263756794,0.0,0.001198522308526716,0.0,0.0,0.0,0.0,0.5019050135002691,0.8673038263756794,2.9417964446947265e-05
1772781644.14844,0.5284456122220792,4.0341369464178834e-05,1.0,0.08096024790799417,0.7922636036842929,1.0,1.0,1.0,0.0,0.0,0.0,0.10407019244332184,0.0,0.0,1.0,0.0012285118855691194,0.001665621062951086,0.006142559427845597,0.001374548373340517,0.9999998646638806,1.4015359974266147e-05,0.022992452239273164,0.0,0.0,0.8658083306368887,0.0,0.001205617801911641,0.0,0.0,0.0,0.0,0.4963335094501883,0.8658083306368887,2.9529727904348573e-05
1772781644.1920176,0.5333869757295843,4.076181895833161e-05,1.0,0.08189452352702692,0.794724609787218,1.0,1.0,1.0,0.0,0.0,0.0,0.10401943315524921,0.0,0.0,1.0,0.0011549811327923052,0.0015855527067089922,0.005774905663961527,0.001217645897030464,0.9999998451711413,1.416514817561743e-05,0.02310265486820698,0.0,0.0,0.8650586372012177,0.0,0.001210913512936191,0.0,0.0,0.0,0.0,0.4924334566151317,0.8650586372012177,2.9574355055091168e-05
1772781644.2354486,0.533083364270715,4.098187598617858e-05,1.0,0.08177435938628864,0.792250544937334,1.0,1.0,1.0,0.0,0.0,0.0,0.1039797059272777,0.0,0.0,1.0,0.001173219172645943,0.0016065488618465264,0.005866095863229715,0.0011961815686222232,0.9999998600381358,1.4265879778910422e-05,0.02317979670846065,0.0,0.0,0.8648267603265667,0.0,0.001214608458635598,0.0,0.0,0.0,0.0,0.48970341963059216,0.8648267603265667,2.963806137330368e-05
1772781644.276424,0.5303702836594713,4.111709730632945e-05,1.0,0.08114273961897431,0.7926503466305906,1.0,1.0,1.0,0.0,0.0,0.0,0.10395526391496926,0.0,0.0,1.0,0.0011757288289099012,0.001655807542975197,0.005878644144549507,0.0011134249000894405,0.9999998251596218,1.4327609177915386e-05,0.02323379599663822,0.0,0.0,0.864953200313703,0.0,0.0012171373707741645,0.0,0.0,0.0,0.0,0.4877923937414145,0.864953200313703,2.9709178652905677e-05
1772781644.3179042,0.5315110934223979,4.1165987090445836e-05,1.0,0.08159260727825571,0.7934418417768256,1.0,1.0,1.0,0.0,0.0,0.0,0.10392615846012129,0.0,0.0,1.0,0.0011059193633028634,0.0015606365926267626,0.005529596816514317,0.0010661069276139694,0.9999998424414949,1.434076236561269e-05,0.02327159549836252,0.0,0.0,0.8653263951491695,0.0,0.0012186760319493131,0.0,0.0,0.0,0.0,0.48645467561899014,0.8653263951491695,2.9729442282946066e-05
1772781644.3566458,0.5320208231562696,4.113884740663777e-05,1.0,0.08168067479967124,0.7931139504757778,1.0,1.0,1.0,0.0,0.0,0.0,0.10389500024509904,0.0,0.0,1.0,0.0010318254666334798,0.0015043799355123043,0.0051591273331673985,0.0009618456708852688,0.9999998680210729,1.4325378522976417e-05,0.02329805514956953,0.0,0.0,0.8658683367442788,0.0,0.0012194254878200065,0.0,0.0,0.0,0.0,0.4855182729332931,0.8658683367442788,2.9723027785674443e-05
1772781644.3963623,0.5345317884657289,4.126605640030876e-05,1.0,0.08166726543687094,0.7938542930168754,1.0,1.0,1.0,0.0,0.0,0.0,0.10386630615724551,0.0,0.0,1.0,0.0009893662892212032,0.0014597606922400104,0.004946831446106016,0.0009505360621021126,0.9999998759427904,1.4294242365608434e-05,0.023316576905414436,0.0,0.0,0.8665245023876618,0.0,0.0012194098391226176,0.0,0.0,0.0,0.0,0.4848627910533051,0.8665245023876618,2.966238036537662e-05
1772781644.4369552,0.5336874367583513,4.127676625199629e-05,1.0,0.08159688641534903,0.795070316525658,1.0,1.0,1.0,0.0,0.0,0.0,0.10384293371042702,0.0,0.0,1.0,0.0009550765898368235,0.0013891528465872249,0.004775382949184118,0.0009580798007142708,0.999999893266508,1.4287031006239816e-05,0.02332954213450587,0.0,0.0,0.8672568068437769,0.0,0.0012188426700067351,0.0,0.0,0.0,0.0,0.4844039537373135,0.8672568068437769,2.957332318621457e-05
1772781644.475654,0.535715395978831,4.1426782048231274e-05,1.0,0.08183736131397312,0.7954891977093914,1.0,1.0,1.0,0.0,0.0,0.0,0.10381909733407776,0.0,0.0,1.0,0.0008841243183115124,0.001336086797703034,0.004420621591557562,0.0009186228784650258,0.9999999035461208,1.4281384569007435e-05,0.023338617794869874,0.0,0.0,0.8680386689002328,0.0,0.0012179125568146131,0.0,0.0,0.0,0.0,0.48408276761611946,0.8680386689002328,2.947599377066333e-05
1772781644.51339,0.536799278289713,4.162452504494185e-05,1.0,0.0818791179841262,0.7946983558985425,1.0,1.0,1.0,0.0,0.0,0.0,0.10379460152562883,0.0,0.0,1.0,0.0010018503386423367,0.0014274262962611362,0.0050092516932116835,0.00103655580678192,0.9999999110682632,1.4315421441170091e-05,0.02334497075712468,0.0,0.0,0.8688515580260814,0.0,0.0012166551114286286,0.0,0.0,0.0,0.0,0.48385793733128357,0.8688515580260814,2.9353135553579715e-05
1772781644.556984,0.5370549306104361,4.179515366405481e-05,1.0,0.08211948229133915,0.7958201549987928,1.0,1.0,1.0,0.0,0.0,0.0,0.10377881809119331,0.0,0.0,1.0,0.001007693218273566,0.0014259271630250182,0.005038466091367829,0.0010524434359097698,0.9999999200545697,1.4403129755349414e-05,0.023349417830703042,0.0,0.0,0.8696825771047434,0.0,0.0012154157808771972,0.0,0.0,0.0,0.0,0.48370055613189844,0.8696825771047434,2.9208669189761905e-05
1772781644.5970957,0.536638393872648,4.189274536877931e-05,1.0,0.08198541916548004,0.7955276955434829,1.0,1.0,1.0,0.0,0.0,0.0,0.10377183744010758,0.0,0.0,1.0,0.0009639325510520458,0.0015638090659863863,0.004819662755260229,0.0009962202664358503,0.9999998460675975,1.45333456874285e-05,0.023352530782207895,0.0,0.0,0.8705227704162734,0.0,0.001214225939611301,0.0,0.0,0.0,0.0,0.4835903892923289,0.8705227704162734,2.913414208122156e-05
1772781644.6413808,0.5396877209294818,4.2428423001306286e-05,1.0,0.08217516110629988,0.7956890708163645,1.0,1.0,1.0,0.0,0.0,0.0,0.10376957732466616,0.0,0.0,1.0,0.0011293461593610064,0.001642749952630227,0.005646730796805032,0.0010839865016980842,0.9999998726509446,1.4679921638055156e-05,0.023354709848261292,0.0,0.0,0.8713659392913913,0.0,0.0012129625919713972,0.0,0.0,0.0,0.0,0.48351327250463016,0.8713659392913913,2.9041379082071786e-05
1772781644.6899817,0.5373917382932495,4.2723760022436835e-05,1.0,0.08182203138513804,0.7948558825378061,1.0,1.0,1.0,0.0,0.0,0.0,0.10376104766877245,0.0,0.0,1.0,0.0011297654512420928,0.001611909913950266,0.005648827256210463,0.0010658305249250052,0.9999998943584181,1.4791090217975402e-05,0.023424313140847988,0.0,0.0,0.8719561575039738,0.0,0.0012142462216268605,0.0,0.0,0.0,0.0,0.4822092907532411,0.8719561575039738,2.9019778140587916e-05
1772781644.7290606,0.5415381489921681,4.370419284627088e-05,1.0,0.08264905143407747,0.794751979958648,1.0,1.0,1.0,0.0,0.0,0.0,0.10375934851017646,0.0,0.0,1.0,0.0011363147700708563,0.001559083266863042,0.005681573850354281,0.0010631799750856856,0.9999998843968594,1.4869551093016085e-05,0.02347303544565868,0.0,0.0,0.8723693102527816,0.0,0.0012172764234355349,0.0,0.0,0.0,0.0,0.48004650352726874,0.8723693102527816,2.9203495146300576e-05
1772781644.7691333,0.5409111782270436,4.446099735765696e-05,1.0,0.08277510008872119,0.7945930690467861,1.0,1.0,1.0,0.0,0.0,0.0,0.10375505084106747,0.0,0.0,1.0,0.0015918348255574625,0.002112755833741815,0.007959174127787311,0.0013972976028501323,0.99999980866333,1.5114278124698868e-05,0.024062269477832056,0.0,0.0,0.872658517176947,0.0,0.0012207761866247348,0.0,0.0,0.0,0.0,0.4772825524690881,0.872658517176947,2.9279968152050583e-05
1772781644.8089755,0.5402300254209664,4.503148885956616e-05,1.0,0.08272537085371201,0.7933817445096746,1.0,1.0,1.0,0.0,0.0,0.0,0.1037468020199713,0.0,0.0,1.0,0.0018294696642915196,0.0022978649459849533,0.009147348321457596,0.0017313135267769135,0.9999998426492184,1.5458486902276415e-05,0.02447473330035342,0.0,0.0,0.8728609620238628,0.0,0.0012248345627571548,0.0,0.0,0.0,0.0,0.47409778672836167,0.8728609620238628,2.9290817340532714e-05
1772781644.8519928,0.5386215597724494,4.5378718656479796e-05,1.0,0.08253350191163472,0.791904340404491,1.0,1.0,1.0,0.0,0.0,0.0,0.10374062196960615,0.0,0.0,1.0,0.0018662776468009743,0.0023162961153967826,0.00933138823400487,0.0018177200463173875,0.9999998450456908,1.586102740322992e-05,0.024763457976118376,0.0,0.0,0.8730026734167038,0.0,0.0012299500399551996,0.0,0.0,0.0,0.0,0.4706184507098532,0.8730026734167038,2.9253725725061235e-05
1772781644.8906243,0.5391323385861125,4.571700728870887e-05,1.0,0.08258587898669698,0.7923163251802222,1.0,1.0,1.0,0.0,0.0,0.0,0.1037308989686212,0.0,0.0,1.0,0.002027203550581443,0.0025157820925851577,0.010136017752907213,0.0020526622245284247,0.9999998410532505,1.6216789907418858e-05,0.024965565249153845,0.0,0.0,0.8731018713916925,0.0,0.0012360016035482542,0.0,0.0,0.0,0.0,0.4669329154968972,0.8731018713916925,2.9233620151952553e-05
1772781644.9288404,0.5414625092211002,4.636945995228549e-05,1.0,0.08301994395975024,0.7935961178616202,1.0,1.0,1.0,0.0,0.0,0.0,0.1037209030619814,0.0,0.0,1.0,0.0018784350321131083,0.0022549861591591672,0.009392175160565541,0.002005713446817411,0.9999998877192655,1.6585279875763605e-05,0.02510704034027867,0.0,0.0,0.8711713099741847,0.0,0.001242981145313837,0.0,0.0,0.0,0.0,0.43518637418116135,0.8711713099741847,2.9166498376971912e-05
1772781644.9655528,0.5420257376428916,4.703728459094982e-05,1.0,0.08323930620330454,0.7920570314479952,1.0,1.0,1.0,0.0,0.0,0.0,0.10370046652167257,0.0,0.0,1.0,0.0016525220705921795,0.002046152819442946,0.008262610352960897,0.0017086507189634588,0.9999998953016318,1.708601261221971e-05,0.025206072904066047,0.0,0.0,0.8698199169819293,0.0,0.0012504203807380122,0.0,0.0,0.0,0.0,0.4121304619268129,0.8698199169819293,2.906543990900345e-05
1772781645.0026634,0.541304682416087,4.756066715967978e-05,1.0,0.08297624962806706,0.7934177431290375,1.0,1.0,1.0,0.0,0.0,0.0,0.10368093013822999,0.0,0.0,1.0,0.0015013540647291883,0.0018309294053943943,0.007506770323645941,0.0015519241812268266,0.9999999219277059,1.7704052503275177e-05,0.02542167229393427,0.0,0.0,0.8688739418873505,0.0,0.0012576672500185866,0.0,0.0,0.0,0.0,0.39515799001543567,0.8688739418873505,2.8940788148717288e-05
1772781645.041375,0.5418316267383199,4.811475830952e-05,1.0,0.0830640905812767,0.7930666244375009,1.0,1.0,1.0,0.0,0.0,0.0,0.1036617582024972,0.0,0.0,1.0,0.0013723477205025037,0.001686553757773084,0.006861738602512518,0.0014383703799114417,0.9999999348802164,1.836929465358275e-05,0.025572591866842024,0.0,0.0,0.8682117593211452,0.0,0.0012645113446222817,0.0,0.0,0.0,0.0,0.38244392634413826,0.8682117593211452,2.8799602672549276e-05
1772781645.0802324,0.5390148636144527,4.841567064064778e-05,1.0,0.08267613076938207,0.7939678149992344,1.0,1.0,1.0,0.0,0.0,0.0,0.10365484267392704,0.0,0.0,1.0,0.0014937986284870824,0.0019150383539049108,0.007468993142435413,0.0015455294566809924,0.9999998930457714,1.9053199238966066e-05,0.02567823556787745,0.0,0.0,0.8677482315248016,0.0,0.0012707494888919884,0.0,0.0,0.0,0.0,0.37271074844089674,0.8677482315248016,2.8650747556588448e-05
1772781645.1201694,0.5390129660216983,4.865674603508014e-05,1.0,0.08259944204701149,0.7931966911217592,1.0,1.0,1.0,0.0,0.0,0.0,0.10365390562188381,0.0,0.0,1.0,0.001443920994638227,0.0018427991487602064,0.007219604973191135,0.0016525530548183384,0.9999998859460115,1.964750706498384e-05,0.02575218615860225,0.0,0.0,0.8674237620673612,0.0,0.0012766475829708694,0.0,0.0,0.0,0.0,0.3650641905752944,0.8674237620673612,2.84978638555389e-05
1772781645.1582036,0.5406945632379786,4.907609010691636e-05,1.0,0.08279977989248871,0.7939784467536527,1.0,1.0,1.0,0.0,0.0,0.0,0.10365575993805062,0.0,0.0,1.0,0.0013849141363742206,0.0018801976698858656,0.006924570681871103,0.0015760486985725857,0.9999998785468982,2.0191725735110825e-05,0.02580395157210961,0.0,0.0,0.8671966334471528,0.0,0.0012822536817802938,0.0,0.0,0.0,0.0,0.3588782667360394,0.8671966334471528,2.8350699477072564e-05
1772781645.197195,0.541719913705856,4.958866882769832e-05,1.0,0.0830424930457759,0.7932243813099225,1.0,1.0,1.0,0.0,0.0,0.0,0.10366599180121056,0.0,0.0,1.0,0.0013074899846344426,0.0017920632693527584,0.006537449923172212,0.0014502272344085166,0.9999998757837507,2.077467217247115e-05,0.02584018736156476,0.0,0.0,0.8670376434130069,0.0,0.0012876346020916332,0.0,0.0,0.0,0.0,0.35371478671522755,0.8670376434130069,2.819686656028206e-05
1772781645.236233,0.5403849203143103,4.9924222041858856e-05,1.0,0.08299263994752154,0.791553299131517,1.0,1.0,1.0,0.0,0.0,0.0,0.10368050406812661,0.0,0.0,1.0,0.0012852807922908297,0.0018296515546028457,0.006426403961454149,0.001419838544920636,0.9999998075431884,2.1414891924634212e-05,0.025865552414183368,0.0,0.0,0.8669263503891048,0.0,0.0012926186556871553,0.0,0.0,0.0,0.0,0.3492670173673259,0.8669263503891048,2.8042827002327364e-05
1772781645.27686,0.5375224185883066,5.006816609615531e-05,1.0,0.08291679932432121,0.7913509488656325,1.0,1.0,1.0,0.0,0.0,0.0,0.10370325065700314,0.0,0.0,1.0,0.0012702698758776491,0.0017357511516034468,0.006351349379388246,0.0013675833476118023,0.9999998548040798,2.2036761342734073e-05,0.025883307951016392,0.0,0.0,0.8668484452723734,0.0,0.0012971600070868128,0.0,0.0,0.0,0.0,0.3453202454904615,0.8668484452723734,2.7889418266507933e-05
1772781645.3147192,0.5393963659921898,5.0362521262505785e-05,1.0,0.08299705467840307,0.7905363290745827,1.0,1.0,1.0,0.0,0.0,0.0,0.10372702081185908,0.0,0.0,1.0,0.0011752951657803808,0.001876869616661361,0.0058764758289019045,0.0012832838313337313,0.9999997655330677,2.256093017742874e-05,0.02589573682679951,0.0,0.0,0.8667939116906613,0.0,0.001301206378354902,0.0,0.0,0.0,0.0,0.341724171843323,0.8667939116906613,2.775068122738323e-05
1772781645.353512,0.5372135037312556,5.047943017860906e-05,1.0,0.08260485748468892,0.7896204812367027,1.0,1.0,1.0,0.0,0.0,0.0,0.10375239798038216,0.0,0.0,1.0,0.001139388240223457,0.0016803965373269056,0.005696941201117286,0.001243579622438522,0.9999998277223671,2.3073538437932953e-05,0.025904437039847693,0.0,0.0,0.8667557381834629,0.0,0.0013049103057101645,0.0,0.0,0.0,0.0,0.33837358695699277,0.8667557381834629,2.76046010710501e-05
1772781645.39705,0.5367051700905456,5.0504283463945435e-05,1.0,0.08244887383230973,0.7901689224511029,1.0,1.0,1.0,0.0,0.0,0.0,0.10378321881567924,0.0,0.0,1.0,0.0010043378915755542,0.0015705945836156244,0.0050216894578777715,0.0010974311643616428,0.9999998141502888,2.35090813408455e-05,0.02591052718898142,0.0,0.0,0.866729016728424,0.0,0.0013082213707374948,0.0,0.0,0.0,0.0,0.33519484420322826,0.866729016728424,2.7456870738090235e-05
1772781645.439944,0.5389898729875158,5.073163878290962e-05,1.0,0.08269834973206903,0.7922548717889686,1.0,1.0,1.0,0.0,0.0,0.0,0.10381683285086392,0.0,0.0,1.0,0.0008519307513605507,0.0013501244989537324,0.004259653756802754,0.0009535365998312748,0.9999998565465376,2.386888706974002e-05,0.02591479029337503,0.0,0.0,0.8667103117098968,0.0,0.0013111061043071131,0.0,0.0,0.0,0.0,0.3321363909422598,0.8667103117098968,2.7370606277480714e-05
1772781645.479163,0.5359962023436096,5.081055421845907e-05,1.0,0.08230640755196733,0.7922007893237375,1.0,1.0,1.0,0.0,0.0,0.0,0.10385371190365791,0.0,0.0,1.0,0.0008226957561535413,0.0013292155573628999,0.004113478780767706,0.0008419799324968427,0.9999998681982365,2.424001736998924e-05,0.025917774466450556,0.0,0.0,0.8666972181969277,0.0,0.0013134157878243085,0.0,0.0,0.0,0.0,0.32916214032624846,0.8666972181969277,2.7313474143163463e-05
1772781645.5177977,0.5366786382694054,5.086119087280606e-05,1.0,0.08230565520123792,0.7937707239472214,1.0,1.0,1.0,0.0,0.0,0.0,0.1038893028647393,0.0,0.0,1.0,0.0008640090912950575,0.0013910545186957323,0.004320045456475287,0.0008418632521571917,0.9999997866915895,2.4525442902577738e-05,0.025919863387603423,0.0,0.0,0.8666880527378493,0.0,0.0013151083702328476,0.0,0.0,0.0,0.0,0.32624683156170725,0.8666880527378493,2.7230809569935166e-05
1772781645.5561974,0.5352813441708574,5.0809539726648974e-05,1.0,0.0821640695280592,0.7931578917475292,1.0,1.0,1.0,0.0,0.0,0.0,0.10392895885516872,0.0,0.0,1.0,0.0007977048960503335,0.0013430826561790631,0.003988524480251668,0.0007853997626036263,0.9999997992847232,2.4762795837924808e-05,0.02592132563241043,0.0,0.0,0.8666816369164945,0.0,0.0013163015999729528,0.0,0.0,0.0,0.0,0.32337278209319503,0.8666816369164945,2.7127888028746776e-05
1772781645.5956385,0.5363244403650529,5.078022955217641e-05,1.0,0.08240752286453705,0.7921481875925734,1.0,1.0,1.0,0.0,0.0,0.0,0.10396757112012894,0.0,0.0,1.0,0.0008566380296280067,0.0012686413253875058,0.004283190148140034,0.0007890579589837201,0.9999998582387992,2.4962305393201995e-05,0.025922349203775338,0.0,0.0,0.8666771458415461,0.0,0.0013169755052323696,0.0,0.0,0.0,0.0,0.32052761413190317,0.8666771458415461,2.701049114981972e-05
1772781645.6355057,0.5366605345408978,5.073551344336333e-05,1.0,0.08236043341278593,0.7938184517143085,1.0,1.0,1.0,0.0,0.0,0.0,0.10401321748221488,0.0,0.0,1.0,0.0008127708144122848,0.0012174197802711393,0.004063854072061423,0.000760214432281486,0.9999998741874132,2.5144900737526902e-05,0.02592306570373077,0.0,0.0,0.8666740020890822,0.0,0.0013172956095466866,0.0,0.0,0.0,0.0,0.31770266322566554,0.8666740020890822,2.6888379282091086e-05
1772781645.6789892,0.5376522042967703,5.074151060441147e-05,1.0,0.08237984051503397,0.7917532855927281,1.0,1.0,1.0,0.0,0.0,0.0,0.10405131328960039,0.0,0.0,1.0,0.0007827983978331132,0.001115615639438015,0.003913991989165566,0.0007468503355356473,0.9999999064859915,2.5318196755341804e-05,0.025923567253699573,0.0,0.0,0.8666718014623574,0.0,0.0013172205307822905,0.0,0.0,0.0,0.0,0.3148918642579659,0.8666718014623574,2.676640087077613e-05
1772781645.71714,0.5365089018615751,5.0669608830966164e-05,1.0,0.08243245071470683,0.793091075706396,1.0,1.0,1.0,0.0,0.0,0.0,0.10408958699550647,0.0,0.0,1.0,0.0008596073661056856,0.0013291908996558492,0.004298036830528428,0.0006954029876281487,0.9999998850862477,2.5516469539532632e-05,0.025923918338677736,0.0,0.0,0.8666702610236502,0.0,0.0013166395973400647,0.0,0.0,0.0,0.0,0.31209097164724275,0.8666702610236502,2.669516414757545e-05
1772781645.7577505,0.5329439686810375,5.06129536869709e-05,1.0,0.08229730253660027,0.7913363390902095,1.0,1.0,1.0,0.0,0.0,0.0,0.10413041666206456,0.0,0.0,1.0,0.000891370977372996,0.001391902006124422,0.00445685488686498,0.0007499695819983335,0.9999998631582894,2.570989304262888e-05,0.02592416409816245,0.0,0.0,0.8666691827165551,0.0,0.001315787747952569,0.0,0.0,0.0,0.0,0.30929701348640326,0.8666691827165551,2.6600840506431377e-05
1772781645.7949934,0.5337790605954789,5.051959405412143e-05,1.0,0.08220512192601288,0.7931244122496222,1.0,1.0,1.0,0.0,0.0,0.0,0.10417302243608578,0.0,0.0,1.0,0.0009948899541848174,0.0014705698515837524,0.004974449770924087,0.0007608939111126119,0.9999998892875842,2.5847885102790876e-05,0.02592433612980175,0.0,0.0,0.8666684279015886,0.0,0.0013147422771500438,0.0,0.0,0.0,0.0,0.30650790944048223,0.8666684279015886,2.650548375392415e-05
1772781645.831871,0.53466319594018,5.041647155773544e-05,1.0,0.08235927700768586,0.7937569756671534,1.0,1.0,1.0,0.0,0.0,0.0,0.10421939611547479,0.0,0.0,1.0,0.0008895373153238383,0.0012716577865726456,0.004447686576619192,0.000759347857205072,0.9999999166919132,2.5955265649170404e-05,0.02592445655194926,0.0,0.0,0.866667899531112,0.0,0.001313781426723842,0.0,0.0,0.0,0.0,0.3037222032750042,0.866667899531112,2.639492465263394e-05
1772781645.871055,0.5335185195635164,5.0262266194797346e-05,1.0,0.08230588642676603,0.7926132376298376,1.0,1.0,1.0,0.0,0.0,0.0,0.10426609090320837,0.0,0.0,1.0,0.0009102263952712386,0.0014099292879464255,0.004551131976356193,0.0007769604213553422,0.9999998592209449,2.6052322965181292e-05,0.025924540847452517,0.0,0.0,0.8666675296717784,0.0,0.0013128746294542213,0.0,0.0,0.0,0.0,0.30093887562583627,0.8666675296717784,2.6274886338563443e-05
1772781645.9118242,0.5311226905883253,5.013041710063011e-05,1.0,0.08208541059752514,0.7918746375454818,1.0,1.0,1.0,0.0,0.0,0.0,0.10431272878258784,0.0,0.0,1.0,0.0009278014978662374,0.001374045234498912,0.004639007489331187,0.0008543834912271939,0.9999998840722031,2.6127304122529364e-05,0.025924599854304797,0.0,0.0,0.8666672707702449,0.0,0.0013118937143673606,0.0,0.0,0.0,0.0,0.2981572129380854,0.8666672707702449,2.6151824094057115e-05
1772781645.950875,0.5335765209852799,5.005663427154681e-05,1.0,0.08212361829452844,0.792236665111429,1.0,1.0,1.0,0.0,0.0,0.0,0.10435360957915615,0.0,0.0,1.0,0.0009514316518388539,0.00149225015515877,0.004757158259194269,0.0008692171623625293,0.99999986932782,2.6179857102906384e-05,0.025924641159101394,0.0,0.0,0.8666670895391714,0.0,0.0013110083658846494,0.0,0.0,0.0,0.0,0.2953767157233264,0.8666670895391714,2.6039253577541783e-05
1772781645.9898038,0.5334379512658939,4.992828755364469e-05,1.0,0.08196108159166426,0.7919374860054739,1.0,1.0,1.0,0.0,0.0,0.0,0.1043840271724231,0.0,0.0,1.0,0.001242564612336933,0.0021840363655321322,0.006212823061684665,0.0011122148304882544,0.99999957312881,2.622626684013713e-05,0.02592467007245901,0.0,0.0,0.8666669626774199,0.0,0.0013099993272408191,0.0,0.0,0.0,0.0,0.29259703433966183,0.8666669626774199,2.592143202498315e-05
1772781646.0291588,0.5345564343876812,4.980971182915558e-05,1.0,0.08193646003612849,0.7927254941646025,1.0,1.0,1.0,0.0,0.0,0.0,0.10441315076620908,0.0,0.0,1.0,0.0011574502296240498,0.0018776832149503817,0.005787251148120249,0.0010053183028977306,0.9999996938721534,2.6265314230421922e-05,0.025924690311809342,0.0,0.0,0.8666668738741939,0.0,0.0013093619541932127,0.0,0.0,0.0,0.0,0.2898179240377633,0.8666668738741939,2.5799793528297326e-05
1772781646.067695,0.535374837862077,4.9699881820296986e-05,1.0,0.08216493448024195,0.7900082365359387,1.0,1.0,1.0,0.0,0.0,0.0,0.10444430540643801,0.0,0.0,1.0,0.0012989744145154064,0.0019729069040710116,0.006494872072577032,0.0010543868193858817,0.999999708024961,2.631263401530008e-05,0.025924704479354573,0.0,0.0,0.8666668117119357,0.0,0.0013088333846732701,0.0,0.0,0.0,0.0,0.28703921349310096,0.8666668117119357,2.5677919980266482e-05
1772781646.106779,0.5358158789073233,4.958823887537237e-05,1.0,0.08195252923413675,0.7881806951898319,1.0,1.0,1.0,0.0,0.0,0.0,0.10447052001189042,0.0,0.0,1.0,0.0011554414922983671,0.0019026555131418095,0.0057772074614918355,0.0009572204212594322,0.999999730624,2.6376481924742462e-05,0.025924714396636236,0.0,0.0,0.866666768198355,0.0,0.001308793547864992,0.0,0.0,0.0,0.0,0.284260782778504,0.866666768198355,2.5552865226455632e-05
1772781646.1475055,0.53631137994575,4.94861540580744e-05,1.0,0.08172357321168934,0.7887697566200049,1.0,1.0,1.0,0.0,0.0,0.0,0.10450130363620432,0.0,0.0,1.0,0.0009477007424824274,0.001573072019188844,0.004738503712412137,0.0008443324754960191,0.999999799142848,2.6457802020592318e-05,0.0259247213387334,0.0,0.0,0.8666667377388485,0.0,0.0013090022414963094,0.0,0.0,0.0,0.0,0.28148254794495275,0.8666667377388485,2.542798877092854e-05
1772781646.1871724,0.5359755132030246,4.935685182898999e-05,1.0,0.0816966630459038,0.7904979909497252,1.0,1.0,1.0,0.0,0.0,0.0,0.10452547181217355,0.0,0.0,1.0,0.0007995528492872741,0.0013306812236698025,0.0039977642464363704,0.0007810088686352104,0.9999998413325393,2.6560014292317008e-05,0.025924726198201416,0.0,0.0,0.866666716417194,0.0,0.0013092414372746653,0.0,0.0,0.0,0.0,0.27870445022813356,0.866666716417194,2.5315210247344874e-05
1772781646.2291677,0.5331549512532897,4.922954668047633e-05,1.0,0.0814302776968134,0.7891585649803626,1.0,1.0,1.0,0.0,0.0,0.0,0.10454132754158799,0.0,0.0,1.0,0.0007733315236227781,0.001226300445075959,0.0038666576181138907,0.0007539943302800522,0.9999998767676641,2.6660641480804425e-05,0.025924729599829027,0.0,0.0,0.8666667014920357,0.0,0.0013093602420850784,0.0,0.0,0.0,0.0,0.27592644849302683,0.8666667014920357,2.5202642034357404e-05
1772781646.2682245,0.5323320104349729,4.906625612099407e-05,1.0,0.08137398401788473,0.7894010481845433,1.0,1.0,1.0,0.0,0.0,0.0,0.10455938097839124,0.0,0.0,1.0,0.0008677851497921566,0.0013739976988788511,0.004338925748960783,0.0007900171902177218,0.9999998725551408,2.673567361631634e-05,0.025924731980968355,0.0,0.0,0.866666691044425,0.0,0.0013094624811560982,0.0,0.0,0.0,0.0,0.2731485139451188,0.866666691044425,2.5113375137952283e-05
1772781646.3066757,0.5299844919572705,4.8954441070175615e-05,1.0,0.08111761987309733,0.7875801362804911,1.0,1.0,1.0,0.0,0.0,0.0,0.10457738255225092,0.0,0.0,1.0,0.0008696511609596905,0.0013483234826026516,0.004348255804798452,0.0008098291360709949,0.9999998848846298,2.677564659159493e-05,0.025924733647765884,0.0,0.0,0.8666666837310975,0.0,0.0013096867113070894,0.0,0.0,0.0,0.0,0.2703706264282498,0.8666666837310975,2.501453079231528e-05
1772781646.3466153,0.532396078737143,4.886474035809338e-05,1.0,0.0812905179607695,0.7894696964005562,1.0,1.0,1.0,0.0,0.0,0.0,0.1045965968717627,0.0,0.0,1.0,0.0009387017744405162,0.0015025775406795469,0.004693508872202581,0.0008428364398509727,0.9999998539813526,2.6804270843696916e-05,0.025924734814524154,0.0,0.0,0.8666666786117682,0.0,0.0013099590618187206,0.0,0.0,0.0,0.0,0.2675927718331082,0.8666666786117682,2.490741318598719e-05
1772781646.3907704,0.5310248279914751,4.8749055012094886e-05,1.0,0.08097327953453012,0.7930548329827798,1.0,1.0,1.0,0.0,0.0,0.0,0.10461468444969256,0.0,0.0,1.0,0.001054264581710459,0.0014878271736724143,0.005271322908552294,0.0010505761980730034,0.9999998938289691,2.682076286038341e-05,0.02592473563125494,0.0,0.0,0.8666666750282377,0.0,0.001310254057911456,0.0,0.0,0.0,0.0,0.2648149402831757,0.8666666750282377,2.480159671498949e-05
