frame_index,timestamp_ms,1_x,1_y,13_x,13_y,14_x,14_y,33_x,33_y,50_x,50_y,61_x,61_y,63_x,63_y,66_x,66_y,70_x,70_y,105_x,105_y,107_x,107_y,133_x,133_y,144_x,144_y,152_x,152_y,153_x,153_y,158_x,158_y,160_x,160_y,263_x,263_y,280_x,280_y,291_x,291_y,293_x,293_y,296_x,296_y,300_x,300_y,334_x,334_y,336_x,336_y,362_x,362_y,373_x,373_y,380_x,380_y,385_x,385_y,387_x,387_y,468_x,468_y,469_x,469_y,470_x,470_y,471_x,471_y,472_x,472_y,473_x,473_y,474_x,474_y,475_x,475_y,476_x,476_y,477_x,477_y
0,1772102980334,0.5198610424995422,0.8304554224014282,0.5094781517982483,0.8755506873130798,0.5094477534294128,0.8755496740341187,0.4505710005760193,0.7429407835006714,0.44285643100738525,0.8018341064453125,0.47261306643486023,0.8727062940597534,0.4421112537384033,0.7118894457817078,0.47648483514785767,0.7130345702171326,0.4319697320461273,0.7183405756950378,0.45717185735702515,0.7094066739082336,0.4981338083744049,0.718376100063324,0.4899532198905945,0.7512010335922241,0.4637400209903717,0.7520923614501953,0.5057021975517273,0.953896701335907,0.47823676466941833,0.7525575160980225,0.4740833044052124,0.7387399673461914,0.45936745405197144,0.7384687066078186,0.577966034412384,0.7562956213951111,0.5798195004463196,0.8140935897827148,0.5417527556419373,0.8802506923675537,0.5888895392417908,0.7275169491767883,0.5613538026809692,0.7222505807876587,0.5948994755744934,0.7355401515960693,0.5774585604667664,0.7223530411720276,0.5422643423080444,0.7231187224388123,0.5419141054153442,0.7567213177680969,0.5666542053222656,0.7634333968162537,0.5533349514007568,0.7611480951309204,0.557364821434021,0.7466624975204468,0.5710470080375671,0.7493615746498108,0.4673008620738983,0.7440279722213745,0.47551336884498596,0.7441697120666504,0.4674420952796936,0.7343942523002625,0.4589601755142212,0.7438020706176758,0.4670897126197815,0.7536305785179138,0.562494695186615,0.7538743615150452,0.5704977512359619,0.7549653053283691,0.5630141496658325,0.7438585758209229,0.5544602274894714,0.7526947855949402,0.5619888305664062,0.7639293074607849
1,1772102980378,0.5205089449882507,0.8303012251853943,0.5105360746383667,0.8750038743019104,0.510539174079895,0.875088095664978,0.45129963755607605,0.7432368993759155,0.44396597146987915,0.80125892162323,0.4733133912086487,0.8707869648933411,0.44399067759513855,0.7112725973129272,0.4787757098674774,0.7121650576591492,0.43364664912223816,0.7184796929359436,0.45934951305389404,0.7084576487541199,0.5003133416175842,0.7176523804664612,0.49110621213912964,0.7510095834732056,0.464109867811203,0.7520103454589844,0.5041205883026123,0.9568766951560974,0.47873395681381226,0.7526257038116455,0.4754768908023834,0.7388254404067993,0.46069255471229553,0.7384614944458008,0.5794603228569031,0.7564414143562317,0.5800420045852661,0.8142808079719543,0.5437324047088623,0.8784828782081604,0.5903849601745605,0.726961612701416,0.5628230571746826,0.7216185927391052,0.596228837966919,0.7353648543357849,0.5789940357208252,0.721733808517456,0.5434771776199341,0.72248375415802,0.5423418879508972,0.7565016746520996,0.5683860778808594,0.7629064321517944,0.5545478463172913,0.7611261010169983,0.5578731298446655,0.7475683689117432,0.5720669031143188,0.7500680685043335,0.46859949827194214,0.7436928153038025,0.4771833121776581,0.7438327074050903,0.46872687339782715,0.7339456081390381,0.45986366271972656,0.743463397026062,0.4683872163295746,0.753423273563385,0.5627714395523071,0.753786563873291,0.5713436007499695,0.7548568844795227,0.5632495880126953,0.7440471649169922,0.5541016459465027,0.7525762319564819,0.5622900128364563,0.7635002732276917
2,1772102980415,0.5221844911575317,0.828942060470581,0.5112898349761963,0.8750865459442139,0.511239767074585,0.8749656677246094,0.4520045518875122,0.74190354347229,0.4450206458568573,0.8013321757316589,0.4758717715740204,0.8710713386535645,0.4443424940109253,0.7100552916526794,0.47924914956092834,0.7114925384521484,0.43395450711250305,0.7170716524124146,0.4597417116165161,0.7075886726379395,0.5009447336196899,0.716996431350708,0.49221622943878174,0.7497932314872742,0.465168297290802,0.7504666447639465,0.5058286786079407,0.9541517496109009,0.4798525273799896,0.7509552836418152,0.4763341248035431,0.738563060760498,0.46145713329315186,0.7379190921783447,0.5798248052597046,0.7559444308280945,0.5812362432479858,0.8138739466667175,0.5444029569625854,0.8780074119567871,0.59123694896698,0.7263501882553101,0.5641452074050903,0.7210795879364014,0.5969051122665405,0.734668493270874,0.5800879597663879,0.7211586833000183,0.5449222922325134,0.7220709919929504,0.5432237982749939,0.756718635559082,0.5689560770988464,0.7624620795249939,0.5552799701690674,0.7609072327613831,0.5586721301078796,0.747313916683197,0.5726998448371887,0.7496840357780457,0.4687257707118988,0.7425829172134399,0.4771631062030792,0.7427579164505005,0.4688727557659149,0.7329465746879578,0.4601651132106781,0.7423414587974548,0.46852603554725647,0.7522193193435669,0.5633736252784729,0.7534135580062866,0.5720117092132568,0.7543565034866333,0.5638327598571777,0.743715763092041,0.554610550403595,0.7523574233055115,0.5628973245620728,0.7630849480628967
3,1772102980446,0.5206571817398071,0.8285378813743591,0.5157746076583862,0.8745989203453064,0.5156890153884888,0.8744526505470276,0.45250532031059265,0.7407245635986328,0.44407039880752563,0.7998157143592834,0.4744470715522766,0.8701298832893372,0.4451928436756134,0.7088652849197388,0.4797589182853699,0.710372805595398,0.43476396799087524,0.7157647609710693,0.46049806475639343,0.7063881158828735,0.5011430978775024,0.7160362601280212,0.4924008548259735,0.7490924596786499,0.46537870168685913,0.7499004006385803,0.5041574835777283,0.9547529220581055,0.48006293177604675,0.7505813837051392,0.47673940658569336,0.7366456389427185,0.4618285596370697,0.7361590266227722,0.5802497267723083,0.7556731104850769,0.5811101198196411,0.8139757513999939,0.5444737076759338,0.877733051776886,0.5920637249946594,0.7258380055427551,0.5644960403442383,0.7198628187179565,0.5978518724441528,0.7342260479927063,0.580723226070404,0.7203319668769836,0.54499351978302,0.7204238176345825,0.5434359312057495,0.7557540535926819,0.5689997673034668,0.7619500160217285,0.5553547739982605,0.7601256370544434,0.5590903759002686,0.7468735575675964,0.573067843914032,0.7495275139808655,0.46900251507759094,0.7414329648017883,0.47754621505737305,0.7417030930519104,0.469183087348938,0.7317026853561401,0.46033450961112976,0.7410839200019836,0.46874523162841797,0.7511371970176697,0.5636972784996033,0.7532371282577515,0.5724525451660156,0.7543721795082092,0.5642943382263184,0.7434612512588501,0.5548232793807983,0.751987099647522,0.5630794763565063,0.7629759311676025
4,1772102980468,0.5220537781715393,0.8263561129570007,0.5153660774230957,0.8729611039161682,0.5153934955596924,0.8727003335952759,0.45282649993896484,0.7415024638175964,0.44604116678237915,0.8007195591926575,0.47869035601615906,0.870602011680603,0.44613170623779297,0.7091678380966187,0.4807198941707611,0.7100082039833069,0.43560221791267395,0.7164493799209595,0.46147558093070984,0.7062734961509705,0.5019227266311646,0.715338408946991,0.4923487603664398,0.7487479448318481,0.4656403958797455,0.7504315376281738,0.5053592324256897,0.9567728042602539,0.4801207482814789,0.7506102323532104,0.4767856299877167,0.7367255091667175,0.46205848455429077,0.736611545085907,0.5805636048316956,0.7552945613861084,0.5807946920394897,0.8136180639266968,0.5449248552322388,0.8765441179275513,0.5921377539634705,0.7246931791305542,0.5648238658905029,0.7192447185516357,0.5980017185211182,0.7331559658050537,0.5808898210525513,0.7194042205810547,0.5455383062362671,0.7200586199760437,0.5441519021987915,0.7549331784248352,0.5692456960678101,0.7615757584571838,0.5557422637939453,0.7593293190002441,0.5596171021461487,0.7460547685623169,0.5734540224075317,0.748863935470581,0.469231516122818,0.7421554327011108,0.4777835011482239,0.7421850562095642,0.4694339632987976,0.7321784496307373,0.4605753421783447,0.7420704364776611,0.4689909815788269,0.7521457672119141,0.5644626617431641,0.7522248029708862,0.5728335380554199,0.7534310221672058,0.5651209354400635,0.7424444556236267,0.5560352802276611,0.7508941292762756,0.5638213157653809,0.7619884014129639
5,1772102980498,0.5227488279342651,0.8263909220695496,0.5158070921897888,0.87313312292099,0.5158164501190186,0.8729587197303772,0.4533531665802002,0.7404299378395081,0.4462486505508423,0.7998014688491821,0.4801257848739624,0.8722266554832458,0.44711554050445557,0.70809006690979,0.48164665699005127,0.709152102470398,0.4364103674888611,0.7154869437217712,0.4624886214733124,0.7053011059761047,0.5028349161148071,0.7148631811141968,0.4930868446826935,0.749016523361206,0.46593958139419556,0.7496538758277893,0.5063046216964722,0.9549235105514526,0.4805009067058563,0.7505999803543091,0.47775548696517944,0.736839771270752,0.462918221950531,0.7360230088233948,0.5805042386054993,0.7554145455360413,0.5818110108375549,0.8135828971862793,0.5448225736618042,0.8769429326057434,0.5926043391227722,0.7247306108474731,0.565517246723175,0.7189134955406189,0.5981897115707397,0.733435332775116,0.5815187692642212,0.7191712856292725,0.5460813045501709,0.7198087573051453,0.5438101291656494,0.7548021674156189,0.5695682168006897,0.7616539001464844,0.5558307766914368,0.7596648931503296,0.5594494342803955,0.745981752872467,0.5735204219818115,0.7489743232727051,0.46996361017227173,0.7412654757499695,0.4782923758029938,0.7414442896842957,0.47012859582901,0.7315986752510071,0.46148282289505005,0.7410220503807068,0.46972277760505676,0.75091552734375,0.5647022128105164,0.7524389624595642,0.5731659531593323,0.7536628842353821,0.5654245615005493,0.7425920367240906,0.5561614632606506,0.7510986924171448,0.5639933347702026,0.7622867822647095
6,1772102980530,0.5232090353965759,0.8273745775222778,0.5165467262268066,0.8741108179092407,0.5165799260139465,0.8739821314811707,0.4547668993473053,0.7403296828269958,0.44683513045310974,0.8005255460739136,0.4790157079696655,0.8723673820495605,0.44739314913749695,0.7085837125778198,0.4821692705154419,0.7095516324043274,0.43661031126976013,0.7156765460968018,0.46289822459220886,0.7058117985725403,0.5031999945640564,0.7148637771606445,0.4937634766101837,0.7475844025611877,0.4675614833831787,0.7488117218017578,0.5062127709388733,0.9552038311958313,0.48174530267715454,0.7491354942321777,0.47854894399642944,0.7359738945960999,0.46406516432762146,0.7358705997467041,0.581429123878479,0.7551501989364624,0.5819172859191895,0.8142609596252441,0.546347975730896,0.8775175213813782,0.5931097269058228,0.7238094806671143,0.5662133097648621,0.7189727425575256,0.5986366271972656,0.7325357794761658,0.5821552276611328,0.7186988592147827,0.5467962026596069,0.7202152013778687,0.5442759990692139,0.7549349665641785,0.5702407360076904,0.7616106867790222,0.5562834739685059,0.7595694065093994,0.5599874258041382,0.7461146116256714,0.5742576718330383,0.7488714456558228,0.4703533351421356,0.7402399778366089,0.4787102937698364,0.7402908205986023,0.4704732596874237,0.7302778959274292,0.46186575293540955,0.7400754690170288,0.4701743721961975,0.7501748204231262,0.5651980638504028,0.7520982623100281,0.5736101865768433,0.7533512115478516,0.5658445954322815,0.7423816919326782,0.556696891784668,0.7507272362709045,0.5645475387573242,0.7618011236190796
7,1772102980561,0.523041844367981,0.8245636820793152,0.5200210213661194,0.8730471730232239,0.5200501680374146,0.8729641437530518,0.45410799980163574,0.7396824955940247,0.4468088150024414,0.7993152737617493,0.4805319607257843,0.8716834783554077,0.44817987084388733,0.7066494822502136,0.4829862415790558,0.7084240317344666,0.43705815076828003,0.7139542698860168,0.4638362526893616,0.7040727138519287,0.5036454796791077,0.7143951654434204,0.4932864308357239,0.7481658458709717,0.46701568365097046,0.7495239973068237,0.5055584907531738,0.9541252255439758,0.48130229115486145,0.7501192688941956,0.4782969355583191,0.7349860668182373,0.46369242668151855,0.7344305515289307,0.5810621380805969,0.7547741532325745,0.5818374156951904,0.8137178421020508,0.5460264086723328,0.8775434494018555,0.5925190448760986,0.7240813970565796,0.5652607679367065,0.7185707688331604,0.5985370874404907,0.7329103946685791,0.5812027454376221,0.7186169624328613,0.5462871789932251,0.7196153402328491,0.5455716848373413,0.7548628449440002,0.5702816247940063,0.7606561779975891,0.5571662187576294,0.7589237093925476,0.5605710744857788,0.7460459470748901,0.5740543603897095,0.748674750328064,0.47037771344184875,0.7409653067588806,0.47875404357910156,0.7412018179893494,0.4706968665122986,0.7308824062347412,0.46184155344963074,0.7406758666038513,0.4699869453907013,0.7510225176811218,0.5648637413978577,0.7518053650856018,0.5730565786361694,0.7530101537704468,0.5655748844146729,0.7422221899032593,0.5566302537918091,0.7504727840423584,0.5641596913337708,0.7613695859909058
8,1772102980594,0.5243955254554749,0.8224835395812988,0.5199000239372253,0.8713093400001526,0.5198785066604614,0.8712503910064697,0.4536997079849243,0.7392581701278687,0.44825202226638794,0.7990162968635559,0.48158785700798035,0.8713350892066956,0.446704238653183,0.7066380381584167,0.48154643177986145,0.7075344920158386,0.43618807196617126,0.7139645218849182,0.4621434807777405,0.7038481831550598,0.503078043460846,0.7128532528877258,0.49387678503990173,0.74685138463974,0.46668726205825806,0.7480766773223877,0.5070098638534546,0.9542749524116516,0.48138293623924255,0.7486695647239685,0.4785628914833069,0.7354326844215393,0.46338486671447754,0.7348737120628357,0.581821084022522,0.7545061707496643,0.5821201801300049,0.8130691647529602,0.5463348627090454,0.8778387308120728,0.594159722328186,0.7237052917480469,0.567097008228302,0.717434287071228,0.5997262597084045,0.7327530384063721,0.5831043720245361,0.718002438545227,0.5476790070533752,0.7179864048957825,0.5446785688400269,0.7540309429168701,0.5707961916923523,0.7607376575469971,0.5569511651992798,0.7588449716567993,0.5605584979057312,0.7449159026145935,0.5747483968734741,0.7478147149085999,0.47011083364486694,0.7398936748504639,0.47874683141708374,0.7400555610656738,0.47027894854545593,0.7300799489021301,0.4613625407218933,0.739638090133667,0.46989819407463074,0.7496786117553711,0.5655081868171692,0.7512492537498474,0.5741003155708313,0.7526500225067139,0.5663256645202637,0.7413743138313293,0.5568204522132874,0.7497418522834778,0.5646868944168091,0.7611179947853088
9,1772102980626,0.5235560536384583,0.8241930603981018,0.51976478099823,0.8715770244598389,0.519705593585968,0.8713834881782532,0.4544829726219177,0.7392509579658508,0.4473411440849304,0.7991617918014526,0.4813615381717682,0.8708627820014954,0.4476965069770813,0.7062305808067322,0.48243531584739685,0.7070320844650269,0.4370257556438446,0.7136186957359314,0.46315160393714905,0.7033597230911255,0.5038050413131714,0.7123279571533203,0.49449867010116577,0.7468693256378174,0.46702829003334045,0.7479469776153564,0.5060470700263977,0.9547733664512634,0.48171859979629517,0.7486406564712524,0.47907307744026184,0.7348722815513611,0.464018315076828,0.7345189452171326,0.5819005966186523,0.7544876933097839,0.5822003483772278,0.8136059641838074,0.5460373163223267,0.8767911791801453,0.5939707159996033,0.7238218784332275,0.5670624375343323,0.7172695994377136,0.5995601415634155,0.7327032089233398,0.5829840898513794,0.7179704308509827,0.5477011799812317,0.717625617980957,0.5449565649032593,0.7532159686088562,0.570935070514679,0.7607383131980896,0.5570406913757324,0.7584391832351685,0.5607605576515198,0.7444228529930115,0.5749772787094116,0.747754693031311,0.4704884886741638,0.7397447824478149,0.478916198015213,0.7398912310600281,0.4707528352737427,0.729925274848938,0.4619358777999878,0.7395153045654297,0.4701817035675049,0.7495267987251282,0.5658184289932251,0.7507176995277405,0.5743868350982666,0.7520868182182312,0.566624641418457,0.7408121228218079,0.5571433901786804,0.7492202520370483,0.565004825592041,0.7606016397476196
10,1772102980662,0.5237651467323303,0.8232442736625671,0.5194349884986877,0.8709869980812073,0.5194050073623657,0.8707262277603149,0.4543493092060089,0.7387791275978088,0.4484264850616455,0.7986159920692444,0.48175758123397827,0.8713874816894531,0.44750985503196716,0.7064943909645081,0.48217514157295227,0.7074490785598755,0.4369581341743469,0.7138917446136475,0.46293017268180847,0.7037442326545715,0.5033869743347168,0.712807297706604,0.49388986825942993,0.7464547753334045,0.46747782826423645,0.7479959726333618,0.5072547793388367,0.9547442197799683,0.4819548726081848,0.7483418583869934,0.4787362813949585,0.7339289784431458,0.46384602785110474,0.7336393594741821,0.5814808011054993,0.7536780834197998,0.581804096698761,0.8121700286865234,0.545534610748291,0.8771657347679138,0.5936048030853271,0.7231226563453674,0.5666424632072449,0.7171228528022766,0.5990197658538818,0.7318058013916016,0.582602858543396,0.7175524830818176,0.5472955107688904,0.7176230549812317,0.5444826483726501,0.7519832849502563,0.5705578923225403,0.7597282528877258,0.5565935969352722,0.7573693990707397,0.5601983666419983,0.7440148591995239,0.5743930339813232,0.7472519874572754,0.47067102789878845,0.7394145727157593,0.4791339039802551,0.7394968867301941,0.47089216113090515,0.7294001579284668,0.46206945180892944,0.7392463684082031,0.47039249539375305,0.7494203448295593,0.5658437013626099,0.7502049803733826,0.5742419958114624,0.7516151070594788,0.5666241645812988,0.7404161691665649,0.5573610067367554,0.7486974596977234,0.5650667548179626,0.7599902749061584
11,1772102980694,0.5223385095596313,0.8228407502174377,0.5181404948234558,0.8700334429740906,0.5181165933609009,0.8700711131095886,0.4546937644481659,0.7390130758285522,0.4480578601360321,0.7990354895591736,0.48080307245254517,0.8700037598609924,0.4479270577430725,0.7064358592033386,0.4820930063724518,0.7071247100830078,0.4373323917388916,0.7140486836433411,0.46314138174057007,0.7033174633979797,0.502870500087738,0.7126770615577698,0.49298837780952454,0.7464064955711365,0.4671981930732727,0.7477664351463318,0.5063709616661072,0.9554879665374756,0.48121213912963867,0.7482061386108398,0.4782128632068634,0.7338845729827881,0.4638969898223877,0.7336840629577637,0.5811537504196167,0.7535860538482666,0.580931544303894,0.8128619194030762,0.5461282730102539,0.8763136863708496,0.5925489068031311,0.7234584093093872,0.5650728344917297,0.7169373631477356,0.598680317401886,0.7324244379997253,0.581127941608429,0.7175664901733398,0.5459352135658264,0.717414379119873,0.5454144477844238,0.7531207203865051,0.5703619718551636,0.7592738270759583,0.5571572780609131,0.7573150992393494,0.5605846047401428,0.7439901828765869,0.5742408633232117,0.7469003796577454,0.47094157338142395,0.7392798066139221,0.479142963886261,0.7393016219139099,0.47111958265304565,0.7294450998306274,0.46260422468185425,0.7391766905784607,0.470695823431015,0.7490854263305664,0.5652357935905457,0.7501643300056458,0.5737282633781433,0.7514815926551819,0.566024124622345,0.7405709624290466,0.5566818714141846,0.7487612962722778,0.5644654035568237,0.7597441077232361
12,1772102980726,0.5217305421829224,0.8249583840370178,0.5182686448097229,0.8703373074531555,0.518358588218689,0.870274543762207,0.45430898666381836,0.7389857172966003,0.44715332984924316,0.7984439730644226,0.48136433959007263,0.8709976077079773,0.44801780581474304,0.706011176109314,0.4823791980743408,0.70716392993927,0.43726611137390137,0.7133272290229797,0.463363379240036,0.7032264471054077,0.5031919479370117,0.7128621339797974,0.49350088834762573,0.747237503528595,0.46681612730026245,0.7481895685195923,0.5056589245796204,0.9540203809738159,0.4812118113040924,0.7489246129989624,0.47843068838119507,0.7345520257949829,0.46376144886016846,0.7341562509536743,0.5815696120262146,0.7539694905281067,0.5814031362533569,0.8137626647949219,0.548080563545227,0.8773851990699768,0.5937783122062683,0.7230517268180847,0.566386878490448,0.7171624302864075,0.5993991494178772,0.7320273518562317,0.5825566053390503,0.7174754738807678,0.5467985272407532,0.7177866697311401,0.544533908367157,0.7529304027557373,0.5705850124359131,0.7600951790809631,0.5566995143890381,0.7578351497650146,0.5602093935012817,0.7438457012176514,0.5745386481285095,0.747031569480896,0.470497727394104,0.7396921515464783,0.47913068532943726,0.7400758266448975,0.47090381383895874,0.729576587677002,0.46173936128616333,0.7392464876174927,0.47003206610679626,0.749792218208313,0.5654455423355103,0.7506645917892456,0.5740289688110352,0.752040684223175,0.5662207007408142,0.7409221529960632,0.5567793846130371,0.7491925954818726,0.5646862983703613,0.7604146003723145
13,1772102980758,0.523598313331604,0.8228965401649475,0.5176365375518799,0.8697769641876221,0.5177748203277588,0.8697012066841125,0.45395615696907043,0.7387765645980835,0.44871920347213745,0.7991547584533691,0.4778536856174469,0.8696366548538208,0.44762781262397766,0.705211341381073,0.48258480429649353,0.7063238024711609,0.43673259019851685,0.7126297354698181,0.46326276659965515,0.7025164365768433,0.5037842988967896,0.7118803262710571,0.49423056840896606,0.7464067339897156,0.46762338280677795,0.7485674619674683,0.5060492157936096,0.9541284441947937,0.4822346568107605,0.7487359046936035,0.47885677218437195,0.7335401773452759,0.463729590177536,0.7332519292831421,0.5804879069328308,0.7545765042304993,0.5807334184646606,0.8134868144989014,0.5469251871109009,0.876624584197998,0.5936892628669739,0.7231460809707642,0.5667177438735962,0.7171930074691772,0.599101722240448,0.7320521473884583,0.5827054381370544,0.7175730466842651,0.5473964810371399,0.717688798904419,0.544044554233551,0.7523186802864075,0.5697166919708252,0.760185718536377,0.5560700297355652,0.757717490196228,0.559620201587677,0.7452338337898254,0.5734049081802368,0.7486511468887329,0.4699534475803375,0.7394250631332397,0.47856175899505615,0.7395214438438416,0.47013166546821594,0.7290534377098083,0.4612371027469635,0.7392406463623047,0.4697914719581604,0.7497981786727905,0.5645256638526917,0.7508258819580078,0.5730785131454468,0.7523552775382996,0.5653734803199768,0.7410755157470703,0.5559009313583374,0.7491614818572998,0.5637088418006897,0.7605187892913818
14,1772102980790,0.5230131149291992,0.8227232694625854,0.5177446007728577,0.8696194291114807,0.5178714394569397,0.8696260452270508,0.4541071653366089,0.7393120527267456,0.44804349541664124,0.7992139458656311,0.47849562764167786,0.8697768449783325,0.44821280241012573,0.7060301303863525,0.4826611578464508,0.7064632177352905,0.43716850876808167,0.7137159705162048,0.46367141604423523,0.7029615044593811,0.5033122301101685,0.7118203043937683,0.49345654249191284,0.7464441061019897,0.46744704246520996,0.7483806014060974,0.5063141584396362,0.9544292688369751,0.48164063692092896,0.7484689950942993,0.47845572233200073,0.7341983318328857,0.4637828469276428,0.7339544892311096,0.5799684524536133,0.7541297674179077,0.5806646943092346,0.8132602572441101,0.5465254187583923,0.877122700214386,0.5929770469665527,0.7234082221984863,0.5661001801490784,0.7170804738998413,0.5985411405563354,0.7322896718978882,0.5819577574729919,0.7176578044891357,0.5469982624053955,0.7174898386001587,0.5443364381790161,0.7533113956451416,0.5694800615310669,0.7602996230125427,0.5561366677284241,0.7584860920906067,0.5594108700752258,0.7453006505966187,0.5730376243591309,0.7483142614364624,0.46953147649765015,0.7399672865867615,0.4778825044631958,0.7400124669075012,0.4696478843688965,0.7299147248268127,0.4610423147678375,0.7398512363433838,0.4693903625011444,0.7500372529029846,0.563908576965332,0.7513713836669922,0.5723519325256348,0.7527107000350952,0.564673125743866,0.741632342338562,0.5553834438323975,0.7499063014984131,0.5631483197212219,0.7610544562339783
15,1772102980826,0.5220670104026794,0.8226774334907532,0.5188363194465637,0.8694298267364502,0.5190244913101196,0.8695049285888672,0.453676700592041,0.7387641072273254,0.4476349949836731,0.7975687384605408,0.47865092754364014,0.8693665266036987,0.44614914059638977,0.7059423923492432,0.48071369528770447,0.7067171931266785,0.43563464283943176,0.7132027745246887,0.46148481965065,0.7031617164611816,0.5018404722213745,0.7119049429893494,0.4932730495929718,0.7459443211555481,0.46688684821128845,0.7477670311927795,0.5061342716217041,0.9530140161514282,0.4813686013221741,0.7480634450912476,0.47792553901672363,0.7339786887168884,0.46316659450531006,0.7338113784790039,0.5804925560951233,0.7533852458000183,0.5811329483985901,0.8119676113128662,0.5468339920043945,0.8766975402832031,0.593517005443573,0.7232703566551208,0.5663200616836548,0.7171335220336914,0.5991241931915283,0.7319594621658325,0.5824105143547058,0.7177634239196777,0.5468333959579468,0.7174189686775208,0.5438772439956665,0.7522636651992798,0.5695480704307556,0.7593806385993958,0.5558613538742065,0.7572532892227173,0.5594245791435242,0.7440950870513916,0.5734740495681763,0.7473012804985046,0.4693629741668701,0.7395051121711731,0.4781006872653961,0.7396420240402222,0.4694947600364685,0.72943115234375,0.4605043828487396,0.7392994165420532,0.46921637654304504,0.7495728135108948,0.5639980435371399,0.7501757740974426,0.5727411508560181,0.7515770196914673,0.5648370981216431,0.7406149506568909,0.5551932454109192,0.7486656904220581,0.5631939172744751,0.7597167491912842
16,1772102980858,0.5212527513504028,0.822413980960846,0.5173870921134949,0.8688997626304626,0.517432689666748,0.8690994381904602,0.45443636178970337,0.738387942314148,0.446335107088089,0.7978934049606323,0.4781460464000702,0.8690416216850281,0.44686588644981384,0.7056838274002075,0.48105207085609436,0.7060369849205017,0.43624600768089294,0.7134977579116821,0.4620872139930725,0.702517032623291,0.5018704533576965,0.7115573287010193,0.49273380637168884,0.7461920976638794,0.4669992923736572,0.7466495037078857,0.5043720602989197,0.9543926119804382,0.4808536171913147,0.7474807500839233,0.4780649244785309,0.7343244552612305,0.463825523853302,0.733744740486145,0.5794829726219177,0.7539716958999634,0.5803446769714355,0.8126528263092041,0.5470412969589233,0.8771705031394958,0.5921815037727356,0.722916841506958,0.5646353960037231,0.7169071435928345,0.597995400428772,0.7319129705429077,0.5808489918708801,0.7172611355781555,0.545304536819458,0.7174666523933411,0.5433529615402222,0.7525801062583923,0.5687092542648315,0.759756326675415,0.5552605986595154,0.7576038241386414,0.5587753653526306,0.744612455368042,0.5724210739135742,0.7478163838386536,0.4693141579627991,0.7389944791793823,0.4775894284248352,0.7392209768295288,0.4695807695388794,0.7290536165237427,0.4609018564224243,0.7387247085571289,0.46901798248291016,0.7488659620285034,0.5635935068130493,0.7505919933319092,0.5720413327217102,0.7520443797111511,0.5644270181655884,0.741067111492157,0.5550775527954102,0.7490275502204895,0.5627870559692383,0.7600575089454651
17,1772102980889,0.5211436748504639,0.8228788375854492,0.5170075297355652,0.8695966601371765,0.5170978903770447,0.8700987100601196,0.4537162184715271,0.7387529015541077,0.4471917152404785,0.7983415126800537,0.4780327081680298,0.8703166246414185,0.4472016990184784,0.7052093148231506,0.4816098213195801,0.7063419222831726,0.4364415407180786,0.7127242684364319,0.4625742435455322,0.7024449110031128,0.5024452209472656,0.7120316624641418,0.4930798411369324,0.746730625629425,0.46648839116096497,0.7482050657272339,0.5044522881507874,0.9537668228149414,0.4808315932750702,0.7488257884979248,0.4779718816280365,0.7344462871551514,0.463332861661911,0.7339738011360168,0.5794980525970459,0.7536215782165527,0.5795305371284485,0.8132081627845764,0.5462543368339539,0.8769170045852661,0.5918300747871399,0.7229093909263611,0.5643561482429504,0.7170372605323792,0.5976973176002502,0.7317190766334534,0.5804845690727234,0.7172871828079224,0.5451684594154358,0.7177205085754395,0.5437214374542236,0.7530239224433899,0.5686997771263123,0.7599027156829834,0.5553653240203857,0.7579430937767029,0.5589542984962463,0.7442815899848938,0.5725220441818237,0.7473909258842468,0.4691617488861084,0.7401392459869385,0.4778387248516083,0.7404377460479736,0.4695099890232086,0.7299966812133789,0.4603610038757324,0.7397867441177368,0.4687804877758026,0.7502657771110535,0.5632963180541992,0.7507455945014954,0.5716494917869568,0.7520574331283569,0.5640082955360413,0.7409704923629761,0.5549027323722839,0.7493061423301697,0.5626111030578613,0.7604730129241943
18,1772102980921,0.5219648480415344,0.8238744735717773,0.5173184871673584,0.8688158392906189,0.517341136932373,0.8692930936813354,0.45374616980552673,0.7381667494773865,0.4474201798439026,0.7975621819496155,0.4790762662887573,0.8692280054092407,0.4479859173297882,0.7053162455558777,0.48259398341178894,0.7068818807601929,0.43707358837127686,0.7123096585273743,0.4634944796562195,0.7028628587722778,0.5034679174423218,0.7125415802001953,0.49339887499809265,0.7459410429000854,0.46698689460754395,0.7470232248306274,0.504692018032074,0.9535529613494873,0.48136603832244873,0.7474830150604248,0.4783664345741272,0.7339531183242798,0.46349164843559265,0.7333880066871643,0.5795579552650452,0.7537702918052673,0.580237865447998,0.8133122324943542,0.5470215082168579,0.8770300149917603,0.5931342840194702,0.7235892415046692,0.566581666469574,0.7172331809997559,0.5982216596603394,0.7324225306510925,0.5824281573295593,0.7178856730461121,0.5472419857978821,0.7174649238586426,0.5431778430938721,0.7521352171897888,0.5688507556915283,0.7594344615936279,0.5551005005836487,0.757077693939209,0.5587859749794006,0.7442915439605713,0.5728094577789307,0.747620165348053,0.46940478682518005,0.7385764122009277,0.4779430627822876,0.7389538288116455,0.469661682844162,0.7285038828849792,0.46075528860092163,0.7381018400192261,0.4691416025161743,0.7485970258712769,0.5636677742004395,0.7505144476890564,0.5721630454063416,0.7518975734710693,0.5644829869270325,0.7410827875137329,0.5551198720932007,0.749015212059021,0.5628888010978699,0.7599286437034607
19,1772102980953,0.5217226147651672,0.8223994970321655,0.5159424543380737,0.8670580983161926,0.5159746408462524,0.8671667575836182,0.4538300335407257,0.7383216619491577,0.44681787490844727,0.7968962788581848,0.47647660970687866,0.8673316836357117,0.44774484634399414,0.7052030563354492,0.4823318421840668,0.7065593600273132,0.4366949200630188,0.7127156257629395,0.4633406102657318,0.7024838328361511,0.5028667449951172,0.7123540639877319,0.4926092028617859,0.745984673500061,0.46660447120666504,0.7468669414520264,0.5038614273071289,0.9523845314979553,0.4806727468967438,0.7475809454917908,0.4780406653881073,0.7340140342712402,0.4635751247406006,0.7334776520729065,0.5795295834541321,0.7538431882858276,0.5795129537582397,0.8126879334449768,0.5461267232894897,0.8757317066192627,0.5918892621994019,0.7227197885513306,0.5645819306373596,0.7162984609603882,0.5976063013076782,0.7317163348197937,0.5806456804275513,0.7169274687767029,0.5454221963882446,0.7165714502334595,0.5433011054992676,0.7518366575241089,0.5686289072036743,0.759772002696991,0.5551066994667053,0.7574276328086853,0.5585083961486816,0.7443634271621704,0.5722626447677612,0.7476577162742615,0.46894609928131104,0.7390230298042297,0.4773363173007965,0.7393882870674133,0.46921783685684204,0.7289536595344543,0.46041443943977356,0.7385767698287964,0.4686492383480072,0.7490687966346741,0.5632631182670593,0.7505145072937012,0.5715039372444153,0.751967191696167,0.5640577673912048,0.7408012747764587,0.5549950003623962,0.7489673495292664,0.5625154972076416,0.760185718536377
20,1772102980990,0.5227464437484741,0.8216745257377625,0.5168240070343018,0.8668698072433472,0.5167677402496338,0.8671143054962158,0.453350305557251,0.7377831935882568,0.4468976855278015,0.7962847948074341,0.4791795015335083,0.8672482967376709,0.44591590762138367,0.7048897743225098,0.4806210696697235,0.705467939376831,0.4355117976665497,0.7124490141868591,0.46127623319625854,0.701839029788971,0.5019359588623047,0.7108446955680847,0.4934519827365875,0.7453292012214661,0.4666602909564972,0.7463152408599854,0.5059621930122375,0.9531747102737427,0.48119932413101196,0.7466943264007568,0.47775235772132874,0.7329503893852234,0.46280336380004883,0.732485294342041,0.5795544981956482,0.7520380020141602,0.5814129114151001,0.8106311559677124,0.5461930632591248,0.8756160736083984,0.5911930799484253,0.7215594053268433,0.5644152164459229,0.715911865234375,0.5970377922058105,0.7305580973625183,0.5801472663879395,0.7160217761993408,0.5455155372619629,0.7169088125228882,0.5436514616012573,0.7519766688346863,0.569193959236145,0.7581087946891785,0.5557313561439514,0.7564730048179626,0.5589702129364014,0.7428801655769348,0.5727007985115051,0.7456772327423096,0.46992027759552,0.7382456660270691,0.47844818234443665,0.7383720874786377,0.4700547158718109,0.7284489870071411,0.46124064922332764,0.7380271553993225,0.46974408626556396,0.7480125427246094,0.56392502784729,0.7486505508422852,0.5721348524093628,0.7499023079872131,0.5645483136177063,0.7390255928039551,0.5556443333625793,0.7472706437110901,0.5633082389831543,0.7582085132598877
21,1772102981022,0.5227655172348022,0.8210738301277161,0.5165866017341614,0.8667044639587402,0.5166051983833313,0.8670374155044556,0.4530256390571594,0.7372287511825562,0.44711828231811523,0.7973446249961853,0.47769445180892944,0.8679904341697693,0.4459204375743866,0.7045310139656067,0.48061320185661316,0.705781877040863,0.4353628158569336,0.711689293384552,0.4613490104675293,0.7018499970436096,0.5018176436424255,0.7111490964889526,0.49267131090164185,0.7441193461418152,0.4659697115421295,0.7460066676139832,0.5061211585998535,0.9516773819923401,0.4804694652557373,0.7459944486618042,0.4771309196949005,0.732236921787262,0.4623265564441681,0.732248067855835,0.5795688629150391,0.7520985007286072,0.580679714679718,0.8111665844917297,0.5471441745758057,0.8757601976394653,0.5913970470428467,0.7213259339332581,0.5645975470542908,0.7149388790130615,0.597137451171875,0.7305589318275452,0.5803548693656921,0.7154181599617004,0.5456212759017944,0.7156972885131836,0.5439088940620422,0.751020073890686,0.5692999362945557,0.7577210664749146,0.5559519529342651,0.7557572722434998,0.5590222477912903,0.7425954937934875,0.5726978778839111,0.745597243309021,0.4696206748485565,0.7373413443565369,0.47820571064949036,0.7374157309532166,0.4697732925415039,0.7271720767021179,0.460916668176651,0.7371910810470581,0.4694199562072754,0.7475072145462036,0.5637202858924866,0.7483019828796387,0.5719872117042542,0.7495601177215576,0.5644187331199646,0.738754391670227,0.5553807616233826,0.7469243407249451,0.5630412101745605,0.7578035593032837
22,1772102981053,0.5204101204872131,0.8211034536361694,0.5160027742385864,0.8666395545005798,0.5158880949020386,0.8669823408126831,0.4524123966693878,0.7366174459457397,0.4454892575740814,0.7955445051193237,0.4780465364456177,0.8670557141304016,0.4462684392929077,0.7044607400894165,0.4807458221912384,0.7051472067832947,0.43545955419540405,0.7118356823921204,0.4616853594779968,0.7015270590782166,0.5015861988067627,0.7104215025901794,0.492020845413208,0.7443573474884033,0.465247243642807,0.745602011680603,0.5036146640777588,0.9521659016609192,0.4796580970287323,0.7461697459220886,0.4768387973308563,0.7317293882369995,0.4620124101638794,0.7313393950462341,0.5792989730834961,0.750840425491333,0.5797022581100464,0.8109260201454163,0.5453128814697266,0.8745273947715759,0.5917368531227112,0.7206459641456604,0.5647099018096924,0.7148526906967163,0.5971567034721375,0.7292786836624146,0.5807257890701294,0.7151865363121033,0.5452567934989929,0.7153127193450928,0.5424567461013794,0.7494116425514221,0.5685712695121765,0.7569690346717834,0.5546518564224243,0.7545924782752991,0.5581656098365784,0.7409071922302246,0.5724127292633057,0.7442509531974792,0.46867841482162476,0.7371938228607178,0.4773053824901581,0.7374085187911987,0.4688914716243744,0.7271419167518616,0.45990267395973206,0.7369033694267273,0.4684256911277771,0.7472313046455383,0.5634431838989258,0.7472862601280212,0.5719572901725769,0.7486840486526489,0.5641542077064514,0.7374572157859802,0.5548347234725952,0.7457866072654724,0.5627513527870178,0.7570988535881042
23,1772102981085,0.5203779935836792,0.8202452659606934,0.5157805681228638,0.867017388343811,0.5156702995300293,0.8670878410339355,0.45214182138442993,0.7364705204963684,0.4454127550125122,0.7959217429161072,0.47857746481895447,0.8665965795516968,0.44550809264183044,0.7042586803436279,0.48009124398231506,0.7051846385002136,0.43462762236595154,0.7115398049354553,0.46098655462265015,0.701449453830719,0.500840425491333,0.7105432748794556,0.49119678139686584,0.7446925640106201,0.4651358425617218,0.7461855411529541,0.5039578676223755,0.9518939256668091,0.4793235659599304,0.7467185854911804,0.4762365221977234,0.7314959764480591,0.46167296171188354,0.7310940027236938,0.5787996649742126,0.7501762509346008,0.5791851282119751,0.8100302219390869,0.5458012223243713,0.873915433883667,0.5903393030166626,0.7198472619056702,0.5634913444519043,0.7136912941932678,0.5961389541625977,0.7289277911186218,0.5792725682258606,0.7141475677490234,0.544416069984436,0.7143967747688293,0.5431554913520813,0.7502137422561646,0.5682190656661987,0.7564928531646729,0.5549410581588745,0.7547268271446228,0.5581808090209961,0.740603506565094,0.5719902515411377,0.7433768510818481,0.4682503342628479,0.737260639667511,0.4767336845397949,0.7373573780059814,0.46841686964035034,0.7271335124969482,0.45962387323379517,0.7371059060096741,0.46804898977279663,0.7473618984222412,0.5627976059913635,0.747164785861969,0.5709524154663086,0.7483046054840088,0.563497006893158,0.737577497959137,0.5546156167984009,0.7459192276000977,0.5621275901794434,0.7567642331123352
24,1772102981118,0.5205336213111877,0.8203126192092896,0.5131022930145264,0.8661430478096008,0.5131682753562927,0.8659480810165405,0.4509941339492798,0.7364455461502075,0.44487395882606506,0.7960126996040344,0.47627535462379456,0.8660299777984619,0.4440983831882477,0.7033035159111023,0.4787898361682892,0.7036436796188354,0.43346160650253296,0.7107848525047302,0.45953014492988586,0.7002663612365723,0.5000020861625671,0.7087469696998596,0.49093228578567505,0.7437910437583923,0.4643399715423584,0.745773434638977,0.5040016174316406,0.9510369896888733,0.47888487577438354,0.7460021376609802,0.4755755066871643,0.7309655547142029,0.46055108308792114,0.7308619022369385,0.5778024792671204,0.7501235604286194,0.5790677666664124,0.8096415400505066,0.5445365309715271,0.8737029433250427,0.5900971293449402,0.7190501093864441,0.5631711483001709,0.7136102318763733,0.5956522226333618,0.7279520630836487,0.5791021585464478,0.7136296033859253,0.5438036322593689,0.7146264314651489,0.541318416595459,0.7490904927253723,0.5671131610870361,0.7559517025947571,0.5533899664878845,0.7537263631820679,0.5568747520446777,0.7408493757247925,0.5708930492401123,0.7439199686050415,0.4675353765487671,0.7367253303527832,0.4762681722640991,0.7367960810661316,0.4676990211009979,0.7264065146446228,0.45869773626327515,0.7366041541099548,0.4673457443714142,0.7470360994338989,0.5618731379508972,0.7466592192649841,0.5701196789741516,0.7479870319366455,0.5626442432403564,0.7371417880058289,0.5535751581192017,0.745219349861145,0.5611323118209839,0.7561564445495605
25,1772102981153,0.517961323261261,0.817959189414978,0.5129011273384094,0.8658266663551331,0.5128390192985535,0.866048276424408,0.45035555958747864,0.7369787693023682,0.44376811385154724,0.7955565452575684,0.4758959412574768,0.866768479347229,0.443500280380249,0.7037116289138794,0.4775580167770386,0.7039933204650879,0.432858943939209,0.7114739418029785,0.45865949988365173,0.7005742192268372,0.49832847714424133,0.709244430065155,0.4892922043800354,0.7445688843727112,0.46294134855270386,0.7461829781532288,0.5030089020729065,0.9501021504402161,0.4771386682987213,0.7466977834701538,0.4742392897605896,0.7317002415657043,0.4596829116344452,0.7315160036087036,0.5775572061538696,0.7493736147880554,0.5778750777244568,0.8087384104728699,0.541627824306488,0.8741700053215027,0.5891741514205933,0.7189034819602966,0.5614487528800964,0.7133082747459412,0.5953377485275269,0.7275141477584839,0.5776805281639099,0.713591992855072,0.5419821739196777,0.713985800743103,0.5415510535240173,0.7492619752883911,0.566548228263855,0.7556625604629517,0.5532354712486267,0.7537193894386292,0.5566719770431519,0.7403033971786499,0.570452868938446,0.7431268095970154,0.4665754437446594,0.737362265586853,0.47484493255615234,0.7374615669250488,0.46684589982032776,0.727647602558136,0.4581453502178192,0.7372071743011475,0.46626585721969604,0.7470512390136719,0.5612443685531616,0.7460022568702698,0.569729745388031,0.7472791075706482,0.5619907975196838,0.736343502998352,0.5526782274246216,0.7446224093437195,0.5605195164680481,0.7556381225585938
26,1772102981186,0.5180566310882568,0.8193519115447998,0.51187664270401,0.8661403059959412,0.5118802189826965,0.8660890460014343,0.4495188593864441,0.7352837920188904,0.4430345594882965,0.7948806285858154,0.47540318965911865,0.8669071197509766,0.44105589389801025,0.7023721933364868,0.4759156107902527,0.7030611038208008,0.43076032400131226,0.709704577922821,0.4564778208732605,0.6995167136192322,0.49746355414390564,0.7082459330558777,0.4894565939903259,0.7425175905227661,0.46275144815444946,0.7442415356636047,0.5027377009391785,0.9507153630256653,0.4772804081439972,0.7445005774497986,0.47380951046943665,0.7300424575805664,0.4588506519794464,0.7299895882606506,0.5763272047042847,0.7489773035049438,0.5779414772987366,0.8080753087997437,0.5407673716545105,0.8738334774971008,0.5886656641960144,0.7180090546607971,0.5612867474555969,0.7120077610015869,0.5944929122924805,0.7268670201301575,0.5774469971656799,0.7124772071838379,0.5417453050613403,0.7125617265701294,0.5395445823669434,0.7477099895477295,0.5655765533447266,0.7550373077392578,0.5518215298652649,0.7528720498085022,0.5552246570587158,0.7390202283859253,0.5692729949951172,0.7423918843269348,0.46563783288002014,0.735283374786377,0.4743441045284271,0.735284686088562,0.46578162908554077,0.7249130010604858,0.4568115770816803,0.7352035641670227,0.46545517444610596,0.7456316947937012,0.5604075789451599,0.7456187009811401,0.5687979459762573,0.7469056248664856,0.5611180067062378,0.735927402973175,0.5519828796386719,0.7442094087600708,0.5597413182258606,0.7552915215492249
27,1772102981217,0.5161811113357544,0.815180778503418,0.5103027820587158,0.8656262159347534,0.5102785229682922,0.8655661940574646,0.4476587474346161,0.7349305748939514,0.4418773651123047,0.7937943339347839,0.4715680778026581,0.8662189245223999,0.44057348370552063,0.7031610012054443,0.4743971824645996,0.7025031447410583,0.4303590655326843,0.7107750773429871,0.4554925560951233,0.6997418999671936,0.4955010414123535,0.7069793343544006,0.48649734258651733,0.7413274645805359,0.460258811712265,0.7430914044380188,0.5016297101974487,0.9494737982749939,0.47444161772727966,0.7432928681373596,0.4715102016925812,0.7301067113876343,0.4568885862827301,0.7300078272819519,0.5755152702331543,0.7478994131088257,0.5758746266365051,0.8063290119171143,0.5392162799835205,0.87375807762146,0.5870647430419922,0.7165506482124329,0.5595600008964539,0.7102866172790527,0.5928391814231873,0.7258425354957581,0.5757498145103455,0.7107276916503906,0.5399360656738281,0.7110527753829956,0.5374531149864197,0.7470545172691345,0.5646352767944336,0.7538329362869263,0.5503827929496765,0.75199955701828,0.5535065531730652,0.7387452125549316,0.5680590867996216,0.7414565086364746,0.46409082412719727,0.7353365421295166,0.4725792109966278,0.7353800535202026,0.4641982913017273,0.7255904078483582,0.45547038316726685,0.7352406978607178,0.46393877267837524,0.7450251579284668,0.5586308240890503,0.7444591522216797,0.5672346353530884,0.7456395030021667,0.5592580437660217,0.7349752187728882,0.5499349236488342,0.7431354522705078,0.5580023527145386,0.7538688778877258
28,1772102981250,0.5151516199111938,0.8144778609275818,0.5086743831634521,0.8648538589477539,0.50868159532547,0.8647751808166504,0.4459521770477295,0.7343994975090027,0.44061368703842163,0.7941184639930725,0.47185394167900085,0.8653917908668518,0.43935805559158325,0.7025582194328308,0.47333553433418274,0.7011978626251221,0.4290452301502228,0.7106143236160278,0.454403281211853,0.6987067461013794,0.494320273399353,0.7054926156997681,0.4855014681816101,0.7410333156585693,0.45864200592041016,0.7427217960357666,0.501697301864624,0.9482085704803467,0.4730474054813385,0.7429729104042053,0.47030192613601685,0.7290746569633484,0.45544371008872986,0.7289949059486389,0.5740652084350586,0.7458356022834778,0.5753177404403687,0.8058602213859558,0.538576602935791,0.8721424341201782,0.5855381488800049,0.7145785689353943,0.5576491355895996,0.7088358402252197,0.5916668176651001,0.7237766981124878,0.5739993453025818,0.7089414000511169,0.5380342602729797,0.7098981738090515,0.5368027687072754,0.7453198432922363,0.5631888508796692,0.7522868514060974,0.5492774248123169,0.7503297924995422,0.5524657368659973,0.735785722732544,0.5667832493782043,0.738768994808197,0.46257632970809937,0.7344434261322021,0.47115305066108704,0.7343518137931824,0.4626426696777344,0.7244289517402649,0.45387718081474304,0.7344480156898499,0.46248364448547363,0.7444195747375488,0.5575411319732666,0.7424402832984924,0.5661304593086243,0.7436085939407349,0.5581591725349426,0.7325271964073181,0.5488696098327637,0.7411576509475708,0.5569445490837097,0.7523404359817505
29,1772102981282,0.5140445828437805,0.8128584623336792,0.5069628953933716,0.8634678721427917,0.5070378184318542,0.8632360696792603,0.4453928470611572,0.7337973713874817,0.43991386890411377,0.7933019995689392,0.47122442722320557,0.864720344543457,0.43779847025871277,0.7009438872337341,0.4718725085258484,0.6999338865280151,0.4275049865245819,0.7092568278312683,0.45291072130203247,0.6972098350524902,0.49261534214019775,0.7044743895530701,0.4839212894439697,0.739288330078125,0.4580689072608948,0.741634726524353,0.5013324618339539,0.9465498328208923,0.47202175855636597,0.7416541576385498,0.4692235291004181,0.7288199663162231,0.4548532962799072,0.7289084792137146,0.5712780952453613,0.7449256777763367,0.5741129517555237,0.8044281601905823,0.5381924510002136,0.8716893196105957,0.5834195017814636,0.7135134339332581,0.5553866028785706,0.7075425386428833,0.5896803736686707,0.722821831703186,0.5717521905899048,0.7077066898345947,0.5360495448112488,0.708559513092041,0.5347836017608643,0.7445420622825623,0.5607132911682129,0.7509883642196655,0.5471401214599609,0.7494964599609375,0.5501289367675781,0.7360246777534485,0.5638862252235413,0.7388850450515747,0.46105119585990906,0.7336283922195435,0.4693963825702667,0.7335553765296936,0.46111875772476196,0.7236475944519043,0.45255595445632935,0.733627200126648,0.4609253406524658,0.743541419506073,0.5543129444122314,0.7426265478134155,0.5630084872245789,0.7436975836753845,0.5548449754714966,0.7327306270599365,0.5455871224403381,0.7413903474807739,0.5538309812545776,0.7524638772010803
30,1772102981317,0.5116972923278809,0.8108223676681519,0.5041896104812622,0.8614335656166077,0.504211962223053,0.8615455627441406,0.44216883182525635,0.7334368824958801,0.4382372498512268,0.7925508618354797,0.4690985381603241,0.8628966808319092,0.433975487947464,0.70041823387146,0.46805432438850403,0.6988746523857117,0.42407238483428955,0.7088196277618408,0.4489608407020569,0.6965399980545044,0.4892236292362213,0.7029740214347839,0.48159950971603394,0.7385514974594116,0.4552500247955322,0.7413116693496704,0.5000153183937073,0.9456167817115784,0.46956849098205566,0.741123616695404,0.46639353036880493,0.7284477949142456,0.4516730010509491,0.7284801006317139,0.5693577527999878,0.7434343099594116,0.5718234777450562,0.8024439215660095,0.5358431935310364,0.8690721988677979,0.5815505385398865,0.7116461992263794,0.5533837080001831,0.7058965563774109,0.5878124237060547,0.7210184931755066,0.5698624849319458,0.7059407830238342,0.5338734984397888,0.7071117758750916,0.5323546528816223,0.7432476878166199,0.5586702227592468,0.7490873336791992,0.5449641346931458,0.7477055788040161,0.5480378270149231,0.7350924611091614,0.5618964433670044,0.7376905083656311,0.45806390047073364,0.7337108850479126,0.4668964743614197,0.7335076928138733,0.4578162431716919,0.7238666415214539,0.4491092562675476,0.7338443398475647,0.4582965075969696,0.743518590927124,0.5521069765090942,0.7404479384422302,0.5610240697860718,0.7415620684623718,0.5527349710464478,0.7307609915733337,0.5431790351867676,0.739154040813446,0.5515559315681458,0.7500646114349365
31,1772102981350,0.5092235207557678,0.8072569370269775,0.5030080676078796,0.8590652346611023,0.5030599236488342,0.8589576482772827,0.4409501552581787,0.7335355281829834,0.43631553649902344,0.7915855050086975,0.46825504302978516,0.8618568181991577,0.43230801820755005,0.6995078921318054,0.46599826216697693,0.6973575949668884,0.4226211905479431,0.708453357219696,0.4470973312854767,0.6952241063117981,0.4870484173297882,0.701286792755127,0.4798225462436676,0.7374466061592102,0.4531492590904236,0.7402607202529907,0.4984362721443176,0.9444358944892883,0.46729767322540283,0.7400586009025574,0.4645993113517761,0.7283628582954407,0.4502260982990265,0.7288599610328674,0.567334771156311,0.742358922958374,0.5698971748352051,0.8002191781997681,0.5338048338890076,0.8665672540664673,0.5793098211288452,0.7091034650802612,0.5514712929725647,0.7024128437042236,0.5854764580726624,0.7190752625465393,0.5677616596221924,0.7028523087501526,0.5319821238517761,0.7034990191459656,0.5301228165626526,0.7417470216751099,0.556908905506134,0.7477738857269287,0.5430548191070557,0.7464739680290222,0.5458361506462097,0.7335425615310669,0.5598217248916626,0.7360982894897461,0.45687511563301086,0.7330045700073242,0.465223491191864,0.7326573133468628,0.45657166838645935,0.7235642075538635,0.4483766555786133,0.7332749366760254,0.45713016390800476,0.7423383593559265,0.5500932931900024,0.7392771244049072,0.5589963793754578,0.7403295040130615,0.5505934357643127,0.7295092344284058,0.5411614775657654,0.7380563020706177,0.549642026424408,0.7489269375801086
32,1772102981382,0.5062375664710999,0.8053893446922302,0.5005995631217957,0.8578739762306213,0.50070720911026,0.8576166033744812,0.43731290102005005,0.7319490313529968,0.4335532486438751,0.7891603112220764,0.464559942483902,0.8603670001029968,0.4296555519104004,0.6985794305801392,0.4633929133415222,0.6959062218666077,0.4200863838195801,0.7071201205253601,0.44441646337509155,0.6942203640937805,0.4848693907260895,0.6992319226264954,0.47728973627090454,0.7350053191184998,0.4498087167739868,0.738161563873291,0.4957149624824524,0.9441424608230591,0.4643341600894928,0.7375979423522949,0.4617474675178528,0.7262257933616638,0.4468870460987091,0.7269159555435181,0.5657668709754944,0.7405217885971069,0.5682357549667358,0.7980931401252747,0.531507670879364,0.8653820753097534,0.5774387121200562,0.7071897387504578,0.5491015911102295,0.7010288834571838,0.5838891267776489,0.7168711423873901,0.5656293034553528,0.7012622356414795,0.5294074416160583,0.7022395133972168,0.5285691022872925,0.7394474744796753,0.5550326704978943,0.7460505962371826,0.541240930557251,0.7444524168968201,0.5442433953285217,0.7320249080657959,0.5580546259880066,0.7348209023475647,0.4540659487247467,0.7313836216926575,0.4628761410713196,0.7311156988143921,0.4537770748138428,0.7217527627944946,0.4451160430908203,0.7315868139266968,0.45431220531463623,0.7409366369247437,0.5485898852348328,0.7373321652412415,0.5575380325317383,0.7384338974952698,0.5491635799407959,0.727546215057373,0.5396360158920288,0.7360801100730896,0.5480713248252869,0.7470371127128601
33,1772102981414,0.5043880343437195,0.803563117980957,0.4990067481994629,0.8551796674728394,0.49896812438964844,0.8554579615592957,0.436313271522522,0.7309993505477905,0.4315127432346344,0.7886521816253662,0.4627946615219116,0.8576805591583252,0.42688193917274475,0.6974421739578247,0.4601384401321411,0.6946152448654175,0.41771602630615234,0.7066038846969604,0.4413461983203888,0.6928524374961853,0.4812922477722168,0.6981877088546753,0.47502726316452026,0.7346716523170471,0.4483289122581482,0.7375754714012146,0.49479034543037415,0.9426096081733704,0.46250951290130615,0.7373450994491577,0.4598528742790222,0.7254601716995239,0.4454251825809479,0.7260578274726868,0.5642085075378418,0.7393301129341125,0.5670886635780334,0.7964783310890198,0.5299178957939148,0.8637064099311829,0.5758268237113953,0.7058664560317993,0.5471969842910767,0.699615478515625,0.5822086930274963,0.7158733606338501,0.5639348030090332,0.6998664736747742,0.5271624326705933,0.7009112238883972,0.5256550312042236,0.7389760613441467,0.553493857383728,0.7450472116470337,0.5392126441001892,0.7438860535621643,0.5418155789375305,0.7310067415237427,0.5562105774879456,0.7333991527557373,0.45238834619522095,0.7304568886756897,0.46091192960739136,0.7300567030906677,0.45216241478919983,0.7208274602890015,0.4437583386898041,0.7307515144348145,0.45257121324539185,0.7400165796279907,0.5468850135803223,0.7363690733909607,0.5559377074241638,0.7373775243759155,0.5474297404289246,0.7267377972602844,0.5377681851387024,0.7352200150489807,0.5463699698448181,0.7459120750427246
34,1772102981450,0.5025525689125061,0.8017306923866272,0.4980122447013855,0.8537881374359131,0.4981110990047455,0.8540720343589783,0.43487370014190674,0.7304497957229614,0.4302057921886444,0.7891044020652771,0.4614335596561432,0.8580748438835144,0.4248935282230377,0.6969854831695557,0.4577254056930542,0.6932947039604187,0.4158405065536499,0.7064340710639954,0.4391293227672577,0.6919547319412231,0.47871577739715576,0.6965984106063843,0.47277119755744934,0.7338045239448547,0.4463944137096405,0.7370749115943909,0.495134174823761,0.9412710666656494,0.4602768123149872,0.736819863319397,0.4578106999397278,0.7242752313613892,0.4435816705226898,0.7251980304718018,0.5620608329772949,0.7367962598800659,0.5648078918457031,0.7940204739570618,0.5296803712844849,0.8628124594688416,0.5721321105957031,0.7034823298454285,0.5432720184326172,0.6981202960014343,0.5789388418197632,0.7131492495536804,0.5600001811981201,0.6979209184646606,0.5234871506690979,0.6998409628868103,0.5240544676780701,0.737174928188324,0.5513283014297485,0.742626965045929,0.5372765064239502,0.7415245771408081,0.5397471189498901,0.7287845611572266,0.5539979338645935,0.7308284044265747,0.4506050646305084,0.7300363779067993,0.45899882912635803,0.7294099926948547,0.4502124786376953,0.7203478813171387,0.4420994520187378,0.730552077293396,0.45095932483673096,0.7396464943885803,0.5448394417762756,0.7342637181282043,0.553846538066864,0.7350484132766724,0.5451961755752563,0.724763035774231,0.535784900188446,0.733380138874054,0.5445069670677185,0.7437037825584412
35,1772102981482,0.5006740093231201,0.7995825409889221,0.495319664478302,0.8526768684387207,0.4953475892543793,0.8530576229095459,0.4332137703895569,0.7302671670913696,0.4289098381996155,0.7881235480308533,0.45886310935020447,0.858471155166626,0.42359161376953125,0.6967269778251648,0.4567042589187622,0.6929503679275513,0.4143173098564148,0.7063319087028503,0.4380344748497009,0.691694974899292,0.4776318371295929,0.6961833238601685,0.4716024100780487,0.733288586139679,0.44517385959625244,0.736611008644104,0.49305620789527893,0.9404593706130981,0.4591560363769531,0.7362023591995239,0.4564114212989807,0.7243370413780212,0.44222313165664673,0.7251712083816528,0.5597895979881287,0.7365303635597229,0.5626736283302307,0.7931386828422546,0.5280299186706543,0.8621101975440979,0.5707254409790039,0.7027824521064758,0.5418334007263184,0.6963016390800476,0.5775203108787537,0.7127030491828918,0.558580756187439,0.6967006325721741,0.5220659375190735,0.6975083947181702,0.5218753814697266,0.7362695932388306,0.5491020679473877,0.7420912384986877,0.5351182222366333,0.7409873008728027,0.5376116037368774,0.7282139658927917,0.5517318844795227,0.7306156158447266,0.4482405483722687,0.7297790050506592,0.45675748586654663,0.7291971445083618,0.4478081464767456,0.7201599478721619,0.43960416316986084,0.7302751541137695,0.4486262798309326,0.7392759323120117,0.542487382888794,0.7336816787719727,0.5515903830528259,0.73454749584198,0.5429418087005615,0.7238589525222778,0.5333375334739685,0.7326922416687012,0.5420621037483215,0.743436872959137
36,1772102981513,0.49873822927474976,0.8004791140556335,0.49436667561531067,0.8523346185684204,0.49444445967674255,0.8522481918334961,0.43028777837753296,0.7298517227172852,0.4268185794353485,0.7879023551940918,0.4581742286682129,0.8575695753097534,0.4204777479171753,0.6971798539161682,0.45391350984573364,0.6931202411651611,0.4114394187927246,0.7063522338867188,0.43496230244636536,0.6920809745788574,0.4752518832683563,0.6958894729614258,0.46907225251197815,0.7322090268135071,0.4423544108867645,0.736130952835083,0.49208539724349976,0.9397164583206177,0.45653051137924194,0.7354234457015991,0.45376673340797424,0.723509669303894,0.4393523037433624,0.7246403694152832,0.5585942268371582,0.735572338104248,0.561506986618042,0.7922912836074829,0.5266721844673157,0.8614105582237244,0.5693572163581848,0.7012385725975037,0.5402796268463135,0.6957842707633972,0.576063871383667,0.7112596035003662,0.557192862033844,0.6955249309539795,0.5200891494750977,0.697806715965271,0.5201846957206726,0.7358340620994568,0.5479797124862671,0.7413948774337769,0.5337574481964111,0.7404278516769409,0.5360254645347595,0.7277019023895264,0.5504477620124817,0.7297869324684143,0.44634386897087097,0.7290842533111572,0.4550134539604187,0.7283662557601929,0.44590622186660767,0.7193790674209595,0.43756499886512756,0.7297138571739197,0.4467364251613617,0.7387309074401855,0.5409331917762756,0.7327098846435547,0.5499337315559387,0.7334275245666504,0.5412927269935608,0.7233238220214844,0.531899094581604,0.731892466545105,0.5406101942062378,0.7420259118080139
37,1772102981545,0.4956914484500885,0.8002352118492126,0.4928150773048401,0.8512635231018066,0.4927671551704407,0.8516191244125366,0.42871513962745667,0.7297999262809753,0.4249100387096405,0.7868691086769104,0.45607277750968933,0.8569526672363281,0.41961103677749634,0.6964406371116638,0.45243871212005615,0.692863404750824,0.4106666147708893,0.7055007219314575,0.4337977170944214,0.6916366219520569,0.47362661361694336,0.6958834528923035,0.46773335337638855,0.7324702739715576,0.44058915972709656,0.7363556027412415,0.4886852204799652,0.9400980472564697,0.4548623561859131,0.7357721328735352,0.4522784650325775,0.724132776260376,0.43784230947494507,0.7250386476516724,0.5566065907478333,0.7347887754440308,0.558725118637085,0.7920571565628052,0.5237964391708374,0.8599357008934021,0.567846417427063,0.7014075517654419,0.5387681126594543,0.6957894563674927,0.5744622945785522,0.7108165621757507,0.5557411313056946,0.6958116292953491,0.5183818936347961,0.697280764579773,0.5180796384811401,0.7346896529197693,0.545595109462738,0.7408655881881714,0.5313135385513306,0.7395491600036621,0.5340825915336609,0.7265365719795227,0.5486312508583069,0.7290104627609253,0.44464799761772156,0.7288757562637329,0.4532940089702606,0.7283226847648621,0.44424375891685486,0.7195327877998352,0.4358823895454407,0.7293331027030945,0.4450187683105469,0.73813796043396,0.5391217470169067,0.732125461101532,0.5482831001281738,0.7329577207565308,0.5395703911781311,0.7224456667900085,0.5299118757247925,0.7311713695526123,0.5387076139450073,0.741728663444519
38,1772102981578,0.4946112334728241,0.7987366318702698,0.4908318817615509,0.8511880040168762,0.4909263253211975,0.8512099385261536,0.4273223280906677,0.7306505441665649,0.42371535301208496,0.7892938852310181,0.4552583396434784,0.8568005561828613,0.4174193739891052,0.6975137591362,0.4500691592693329,0.6925190687179565,0.40862178802490234,0.7071529030799866,0.43152856826782227,0.6920133829116821,0.4711450934410095,0.6948012709617615,0.46587225794792175,0.7321906685829163,0.4389399290084839,0.7368747591972351,0.48953717947006226,0.9397442936897278,0.45311403274536133,0.7360852956771851,0.4507193863391876,0.7235015630722046,0.436214804649353,0.7250116467475891,0.5555046796798706,0.7348557114601135,0.557631254196167,0.7918791770935059,0.5229070782661438,0.8595993518829346,0.5662221312522888,0.7004294395446777,0.5368086695671082,0.6949238777160645,0.5729646682739258,0.7103445529937744,0.5539081692695618,0.6947512030601501,0.5162979364395142,0.6967815160751343,0.5168017745018005,0.7352951169013977,0.5447729825973511,0.7406909465789795,0.5304524898529053,0.7397693991661072,0.5327151417732239,0.7270088791847229,0.5472863912582397,0.72913658618927,0.4437289535999298,0.7297298312187195,0.4524669349193573,0.7289329767227173,0.4431876540184021,0.7201459407806396,0.43488192558288574,0.7304521799087524,0.4441971778869629,0.739262580871582,0.537571907043457,0.7320854067802429,0.5465248823165894,0.7328365445137024,0.5380132794380188,0.7227950096130371,0.5286080241203308,0.7312310338020325,0.5371831059455872,0.741310715675354
39,1772102981614,0.49481672048568726,0.7997569441795349,0.489858478307724,0.8501516580581665,0.48991137742996216,0.8503909111022949,0.4264460802078247,0.7302475571632385,0.42357927560806274,0.7884193062782288,0.4541108012199402,0.8555195927619934,0.4161410331726074,0.6968725323677063,0.4491288661956787,0.6926856637001038,0.4073185920715332,0.7060407400131226,0.4304197132587433,0.6918169856071472,0.47034892439842224,0.6950933337211609,0.46499568223953247,0.7314180135726929,0.43854212760925293,0.7360778450965881,0.4891112148761749,0.938895046710968,0.4526328444480896,0.7350450158119202,0.4499770402908325,0.7237705588340759,0.4354998767375946,0.725342869758606,0.5538701415061951,0.7338306307792664,0.5572960376739502,0.7906624674797058,0.523766815662384,0.8591622114181519,0.5635283589363098,0.6994799971580505,0.5342753529548645,0.6946123242378235,0.570834755897522,0.7091748714447021,0.5511167645454407,0.6940865516662598,0.5144569277763367,0.696861982345581,0.5163566470146179,0.7347189784049988,0.5432623624801636,0.7398921251296997,0.5293939113616943,0.739109992980957,0.5315808057785034,0.7267469763755798,0.5455545783042908,0.7286156415939331,0.4432365596294403,0.7294089198112488,0.45194077491760254,0.7285736203193665,0.4426459074020386,0.7197965383529663,0.434407502412796,0.7301296591758728,0.44376444816589355,0.7389599084854126,0.5368544459342957,0.7324551939964294,0.5453901290893555,0.7329844236373901,0.5370762944221497,0.7228590250015259,0.5283396244049072,0.7318016886711121,0.5366622805595398,0.7419619560241699
40,1772102981646,0.4934301972389221,0.7981359362602234,0.4895857870578766,0.8491557240486145,0.48959094285964966,0.8496959805488586,0.4257380962371826,0.7313085794448853,0.4226676821708679,0.7879797220230103,0.453753799200058,0.854952335357666,0.4156261086463928,0.6970207095146179,0.4479914903640747,0.6917048692703247,0.4069814383983612,0.7068614363670349,0.42953240871429443,0.6914142966270447,0.46908342838287354,0.6938709616661072,0.46380603313446045,0.7320393919944763,0.43717968463897705,0.7369076013565063,0.4881828725337982,0.9377941489219666,0.4510960578918457,0.7360476851463318,0.4488446116447449,0.725525975227356,0.43484652042388916,0.7268863916397095,0.5536948442459106,0.733772873878479,0.5560309290885925,0.7898589968681335,0.5219570994377136,0.8576445579528809,0.5629819631576538,0.6991608142852783,0.5335741639137268,0.6935765743255615,0.5703085064888,0.7089183330535889,0.550499439239502,0.6935209631919861,0.5135647654533386,0.695375382900238,0.5161319375038147,0.7335110902786255,0.5427489280700684,0.7390252947807312,0.5289574861526489,0.7377216815948486,0.5313761234283447,0.7265495657920837,0.5453056693077087,0.7286110520362854,0.4427146911621094,0.7304749488830566,0.450923889875412,0.7297911643981934,0.4421602785587311,0.721616268157959,0.43433231115341187,0.7310590147972107,0.4431668817996979,0.7392232418060303,0.5365128517150879,0.7318130135536194,0.5448654890060425,0.7324712872505188,0.5368461608886719,0.722466230392456,0.5281808376312256,0.7310196757316589,0.5362000465393066,0.7410539388656616
41,1772102981678,0.4923241138458252,0.7977542281150818,0.488222599029541,0.8493520617485046,0.4882219731807709,0.8495509624481201,0.42534971237182617,0.7317578196525574,0.4221270680427551,0.7881966829299927,0.45441651344299316,0.8546102643013,0.4141167104244232,0.6978333592414856,0.44643574953079224,0.6919431686401367,0.4056515693664551,0.7076593637466431,0.4279588460922241,0.6919613480567932,0.4674609899520874,0.6938002109527588,0.4630831182003021,0.7317836284637451,0.4369678199291229,0.7369720339775085,0.48862677812576294,0.9366267919540405,0.45074209570884705,0.7358127236366272,0.4480592906475067,0.7249458432197571,0.4341873526573181,0.72679203748703,0.552705705165863,0.7320175170898438,0.5549583435058594,0.7883940935134888,0.5205491185188293,0.8559890985488892,0.5617923140525818,0.6978934407234192,0.5321165323257446,0.6931552290916443,0.5692598819732666,0.7073261737823486,0.5491355657577515,0.6926791667938232,0.5121724009513855,0.6952873468399048,0.5150246620178223,0.7333936095237732,0.5414775609970093,0.7376840114593506,0.527685284614563,0.7367831468582153,0.5302618741989136,0.7255290746688843,0.5442384481430054,0.726962149143219,0.4420788288116455,0.730769157409668,0.45032232999801636,0.7298312783241272,0.4414706826210022,0.721488893032074,0.4336532652378082,0.7316097021102905,0.44260624051094055,0.7399483323097229,0.5356170535087585,0.73075270652771,0.5438879132270813,0.7311999201774597,0.5358483791351318,0.7215844392776489,0.5273586511611938,0.7301915287971497,0.535403311252594,0.7398191690444946
42,1772102981710,0.49249759316444397,0.7965960502624512,0.4882999062538147,0.8477063775062561,0.4882405996322632,0.8479537963867188,0.42467138171195984,0.7313849329948425,0.4217325448989868,0.788564145565033,0.45427146553993225,0.8546062707901001,0.41410133242607117,0.6967390775680542,0.44656631350517273,0.6914137005805969,0.4054390788078308,0.7064545154571533,0.42802944779396057,0.6911038160324097,0.4677196145057678,0.6935332417488098,0.46334215998649597,0.7315444946289062,0.43651533126831055,0.7374609708786011,0.4879834055900574,0.9384289383888245,0.4506983757019043,0.7361894845962524,0.4479237198829651,0.7244385480880737,0.4336812496185303,0.7263973355293274,0.5514454245567322,0.7323387265205383,0.5544934868812561,0.7888785600662231,0.5205644965171814,0.8568084239959717,0.560662567615509,0.6975576281547546,0.5311986804008484,0.6924061179161072,0.5681091547012329,0.7076647877693176,0.5480503439903259,0.6918835043907166,0.511650800704956,0.6948142051696777,0.5146404504776001,0.7331244945526123,0.5407263040542603,0.7376766800880432,0.5272756218910217,0.736760675907135,0.5296791195869446,0.7252655625343323,0.5431709289550781,0.7269191741943359,0.44175830483436584,0.7300422191619873,0.4504711329936981,0.7290831804275513,0.4411182403564453,0.7203924059867859,0.43289482593536377,0.7309090495109558,0.4423075318336487,0.7396054863929749,0.5351206660270691,0.7304900288581848,0.5433312654495239,0.7310546636581421,0.5354425311088562,0.7212387919425964,0.526928186416626,0.7298101186752319,0.5348182916641235,0.7396649122238159
43,1772102981742,0.49206987023353577,0.796678900718689,0.4876307547092438,0.8478223085403442,0.48779019713401794,0.8477877974510193,0.4234960377216339,0.7311508059501648,0.42058664560317993,0.7886459827423096,0.4533604085445404,0.8550294041633606,0.41275376081466675,0.6966875195503235,0.4453125298023224,0.6912539005279541,0.40429019927978516,0.7066633701324463,0.4266626238822937,0.6908695697784424,0.4666624963283539,0.6934378743171692,0.4623286724090576,0.7310923337936401,0.43510377407073975,0.7365334630012512,0.4881092309951782,0.937247097492218,0.4493314027786255,0.7352735996246338,0.4467722177505493,0.7245955467224121,0.4325045347213745,0.7264094352722168,0.5512866377830505,0.732655942440033,0.554904580116272,0.7886191010475159,0.5208027958869934,0.8564984202384949,0.5610917210578918,0.6974114775657654,0.5313898921012878,0.6920354962348938,0.5685333013534546,0.707404613494873,0.5484300255775452,0.6917108297348022,0.5114944577217102,0.6941232681274414,0.5137118697166443,0.7326473593711853,0.5402542352676392,0.7378040552139282,0.5265393853187561,0.7365080714225769,0.5291755795478821,0.7250303030014038,0.5429571866989136,0.7271544337272644,0.44057679176330566,0.7296023368835449,0.4491227865219116,0.7286654114723206,0.4399600327014923,0.7203129529953003,0.431888222694397,0.7304695844650269,0.44111672043800354,0.7388229370117188,0.5342065095901489,0.7303057909011841,0.5424463152885437,0.7310229539871216,0.5346047878265381,0.7209412455558777,0.5259883999824524,0.7294501662254333,0.5338280200958252,0.7395744323730469
44,1772102981778,0.4919329583644867,0.7969094514846802,0.4875951409339905,0.8481300473213196,0.48780012130737305,0.8478871583938599,0.4244822859764099,0.7312120199203491,0.420653373003006,0.788539707660675,0.45274659991264343,0.8538930416107178,0.41358357667922974,0.6972092390060425,0.4462522268295288,0.6921707987785339,0.40474653244018555,0.7070301175117493,0.4276879131793976,0.6916208267211914,0.46712639927864075,0.694502592086792,0.462598592042923,0.7318413853645325,0.4360007047653198,0.737156867980957,0.4876963794231415,0.9370480179786682,0.44986552000045776,0.7360998392105103,0.4472598433494568,0.7244792580604553,0.43334436416625977,0.7261677980422974,0.5502777099609375,0.7325438261032104,0.5541228652000427,0.7892182469367981,0.5195626020431519,0.8559510707855225,0.5598410367965698,0.6975382566452026,0.5305066704750061,0.6920179128646851,0.5673364400863647,0.7075234055519104,0.5473225116729736,0.6918045282363892,0.5108175873756409,0.6941624879837036,0.5132964253425598,0.7330772876739502,0.5396296977996826,0.7382866740226746,0.5260899662971497,0.7372092008590698,0.5285018086433411,0.7248114347457886,0.5421332716941833,0.726845920085907,0.44085222482681274,0.7306737899780273,0.4490981101989746,0.7299374938011169,0.4404090344905853,0.7213714122772217,0.43245428800582886,0.7313258647918701,0.44121280312538147,0.7398685216903687,0.5336313247680664,0.7308271527290344,0.5416897535324097,0.7313210964202881,0.5338650941848755,0.7215006947517395,0.525580883026123,0.7302110195159912,0.5334117412567139,0.7400655150413513
45,1772102981810,0.4910089373588562,0.7978898882865906,0.4865800738334656,0.8477591276168823,0.4866577088832855,0.8478019833564758,0.4229738414287567,0.7315322756767273,0.4199007749557495,0.7887418270111084,0.4519626200199127,0.8543089628219604,0.4121328592300415,0.697512149810791,0.4445272386074066,0.6923389434814453,0.4037424921989441,0.7071377635002136,0.4259786009788513,0.6919477581977844,0.46569889783859253,0.6944127082824707,0.4613839387893677,0.731908917427063,0.4349881112575531,0.7368420362472534,0.48693183064460754,0.9380413889884949,0.4489627480506897,0.7355707287788391,0.4460805058479309,0.724506139755249,0.43182602524757385,0.7263583540916443,0.5502283573150635,0.7318246364593506,0.5542131066322327,0.7883582711219788,0.5199283957481384,0.8559280633926392,0.5593641996383667,0.6967008113861084,0.5296460390090942,0.6921497583389282,0.5671041011810303,0.706392765045166,0.5465949773788452,0.6914981603622437,0.5100380778312683,0.6944391131401062,0.5129892230033875,0.7328879237174988,0.5391932725906372,0.7375494241714478,0.525627613067627,0.7365354895591736,0.5281721949577332,0.7249380350112915,0.5418087840080261,0.7266725897789001,0.44034796953201294,0.7300243377685547,0.44915771484375,0.7290908694267273,0.43963268399238586,0.720547616481781,0.4313960373401642,0.7308512330055237,0.4409814476966858,0.7394082546234131,0.533775806427002,0.7302502393722534,0.5419296622276306,0.730749785900116,0.5340278744697571,0.7209040522575378,0.5256261229515076,0.729617178440094,0.5335408449172974,0.7394821643829346
46,1772102981842,0.49130958318710327,0.7977518439292908,0.4871154725551605,0.8477113842964172,0.4872151017189026,0.8476585149765015,0.4238618314266205,0.7313945293426514,0.4209808111190796,0.7888131737709045,0.4519025683403015,0.8559436202049255,0.412097692489624,0.6966133713722229,0.44461706280708313,0.6915382146835327,0.40370723605155945,0.7066992521286011,0.4260038733482361,0.691001296043396,0.46579527854919434,0.693852961063385,0.46200740337371826,0.7318719029426575,0.4356173276901245,0.7369794249534607,0.4869353771209717,0.9385406970977783,0.4495227634906769,0.735869288444519,0.4466732442378998,0.7249003648757935,0.43264371156692505,0.7266355752944946,0.5504777431488037,0.7317322492599487,0.5531129240989685,0.7884389162063599,0.5197798013687134,0.8569378852844238,0.5599345564842224,0.6969680786132812,0.530214250087738,0.6920183897018433,0.567327082157135,0.7066749930381775,0.5472586154937744,0.6915507912635803,0.5102276802062988,0.6941931247711182,0.5126999616622925,0.7321051955223083,0.5397273302078247,0.7373350858688354,0.5257971286773682,0.736285924911499,0.5279869437217712,0.7247711420059204,0.5419981479644775,0.7266561985015869,0.4402189552783966,0.7305784821510315,0.4486211836338043,0.7296603918075562,0.43967029452323914,0.7211849093437195,0.4316766560077667,0.7314184308052063,0.4406980276107788,0.7398832440376282,0.5332185626029968,0.7298506498336792,0.541621744632721,0.7304022312164307,0.5334935188293457,0.7204018831253052,0.5248175263404846,0.7291706800460815,0.5329732894897461,0.7391834855079651
47,1772102981874,0.49031171202659607,0.7970978021621704,0.4875763952732086,0.8480616807937622,0.4875614643096924,0.8480218052864075,0.4225098192691803,0.7321272492408752,0.41922953724861145,0.7884190678596497,0.451673686504364,0.8538841605186462,0.4116218686103821,0.6973616480827332,0.4438912272453308,0.691716730594635,0.403481662273407,0.7070830464363098,0.42529839277267456,0.6916926503181458,0.4655267000198364,0.6934763789176941,0.4615539312362671,0.7320523858070374,0.43419986963272095,0.737142026424408,0.486252099275589,0.9378441572189331,0.4484500586986542,0.7359560132026672,0.44603896141052246,0.7259058356285095,0.4316389560699463,0.7276175022125244,0.5500943660736084,0.7324541807174683,0.5538778305053711,0.788569986820221,0.519172728061676,0.8567517399787903,0.559481680393219,0.6974471807479858,0.529843807220459,0.6920137405395508,0.5670911073684692,0.707593560218811,0.5467724204063416,0.6917922496795654,0.5101473927497864,0.6940845847129822,0.5128566026687622,0.732731282711029,0.5394243001937866,0.7376518249511719,0.5258861184120178,0.7366848587989807,0.5279182195663452,0.7254815697669983,0.5415676236152649,0.7272741794586182,0.44016674160957336,0.7303928136825562,0.4487290680408478,0.7295849919319153,0.4395935833454132,0.7216257452964783,0.4314671456813812,0.7311148047447205,0.4406633973121643,0.7390657067298889,0.5332636833190918,0.7304605841636658,0.5414457321166992,0.7310014963150024,0.5336971282958984,0.7215027213096619,0.5251064300537109,0.7298095226287842,0.5328651070594788,0.7393530607223511
48,1772102981905,0.4907483458518982,0.7974064946174622,0.4868358075618744,0.8482576608657837,0.48694270849227905,0.8482670783996582,0.42292171716690063,0.7333803176879883,0.4204123616218567,0.7897551655769348,0.4526364803314209,0.8564013838768005,0.4108584225177765,0.6980416774749756,0.4434182941913605,0.6925125122070312,0.4026021957397461,0.7078129053115845,0.4247138500213623,0.6924180388450623,0.4648470878601074,0.6941673159599304,0.4611455500125885,0.7317309975624084,0.43497008085250854,0.7380527257919312,0.4871924817562103,0.9381787776947021,0.44886577129364014,0.7362991571426392,0.44610488414764404,0.7271660566329956,0.4322394132614136,0.7294629216194153,0.550857663154602,0.7340548634529114,0.5533576011657715,0.7885653376579285,0.5197915434837341,0.8564938306808472,0.559831440448761,0.6974886059761047,0.5296112298965454,0.6927613019943237,0.5675811767578125,0.7075526118278503,0.5468283295631409,0.6920815110206604,0.5097984671592712,0.6951326131820679,0.5133806467056274,0.7336268424987793,0.5395687818527222,0.7388923168182373,0.5259360074996948,0.7374672889709473,0.5285018682479858,0.727383017539978,0.5420362949371338,0.7292047739028931,0.44111379981040955,0.7317987084388733,0.44947677850723267,0.7307712435722351,0.4403253197669983,0.7228438854217529,0.4325807988643646,0.7327454686164856,0.4418257772922516,0.7406655550003052,0.5340644121170044,0.7322008609771729,0.5421953797340393,0.7327679395675659,0.5344691276550293,0.7230197787284851,0.525993287563324,0.731505811214447,0.5337016582489014,0.7412459850311279
49,1772102981942,0.49258193373680115,0.799506664276123,0.48727864027023315,0.8494665622711182,0.48740872740745544,0.8495203852653503,0.42350971698760986,0.7335177659988403,0.42128217220306396,0.7902956008911133,0.4536641538143158,0.8570436239242554,0.4117260277271271,0.698920726776123,0.44473886489868164,0.693816065788269,0.4034019410610199,0.7085633873939514,0.425825834274292,0.6934030055999756,0.466231107711792,0.6957558989524841,0.4616246223449707,0.7326093316078186,0.4355793297290802,0.7380924820899963,0.4880756139755249,0.9395920634269714,0.44948095083236694,0.7364909648895264,0.44660988450050354,0.7271729111671448,0.4326792359352112,0.7291799187660217,0.5514469742774963,0.7347216606140137,0.5541892647743225,0.789925217628479,0.5194648504257202,0.8578007221221924,0.560253918170929,0.6987302303314209,0.5306994915008545,0.693617045879364,0.5680041909217834,0.7087454795837402,0.5475603938102722,0.6932882070541382,0.5111536383628845,0.6957223415374756,0.5149101614952087,0.733951210975647,0.5405271649360657,0.7399349808692932,0.5272183418273926,0.7384053468704224,0.529468297958374,0.7280142307281494,0.5428021550178528,0.7299971580505371,0.44142231345176697,0.7317528128623962,0.4498891234397888,0.7307168841362,0.4406593441963196,0.7227641344070435,0.43277955055236816,0.7327065467834473,0.442097932100296,0.7406468391418457,0.5351760983467102,0.7332011461257935,0.5430946350097656,0.7338422536849976,0.5355437994003296,0.7241124510765076,0.527301549911499,0.7324479222297668,0.5348243117332458,0.742165744304657
50,1772102981974,0.4924575984477997,0.8002794981002808,0.4873431324958801,0.8503409624099731,0.4873957633972168,0.8504387140274048,0.42362329363822937,0.7337088584899902,0.42138907313346863,0.7909772992134094,0.4539155662059784,0.8571563363075256,0.4115757644176483,0.6985028982162476,0.4444897174835205,0.6939883232116699,0.40331214666366577,0.7076656818389893,0.42553505301475525,0.6933881640434265,0.46630042791366577,0.6958800554275513,0.4628591537475586,0.7321528196334839,0.43612366914749146,0.7383813261985779,0.4877639710903168,0.9405184984207153,0.4504465162754059,0.736473798751831,0.4473402500152588,0.7282732129096985,0.4330599009990692,0.7305459380149841,0.5524082183837891,0.7356282472610474,0.5543047785758972,0.7915674448013306,0.5207452774047852,0.8580976724624634,0.5623863339424133,0.6991111040115356,0.5327191948890686,0.6937141418457031,0.5695897936820984,0.7091444730758667,0.5498437881469727,0.6935476064682007,0.5124958157539368,0.6956985592842102,0.5141937732696533,0.7347630262374878,0.5409814119338989,0.7413532137870789,0.526962399482727,0.7395817637443542,0.5298949480056763,0.7282331585884094,0.5438016653060913,0.730438768863678,0.44197458028793335,0.732500433921814,0.45060208439826965,0.7315676212310791,0.4412342309951782,0.7234640121459961,0.4331863224506378,0.7333412170410156,0.44262897968292236,0.7414507269859314,0.5360987186431885,0.7340424656867981,0.5443323254585266,0.7347923517227173,0.5364549160003662,0.7246681451797485,0.5278868675231934,0.7331749796867371,0.5357590913772583,0.7432593107223511
51,1772102982005,0.4932015538215637,0.7992282509803772,0.48819857835769653,0.8498497009277344,0.4882304072380066,0.8499918580055237,0.42417874932289124,0.7341234087944031,0.421565443277359,0.7896230220794678,0.453761488199234,0.8572838306427002,0.4125041365623474,0.6988831758499146,0.44534945487976074,0.693800687789917,0.4041566252708435,0.7083083391189575,0.42649760842323303,0.6934929490089417,0.46706679463386536,0.6957663893699646,0.4634697139263153,0.7326775193214417,0.4366910457611084,0.7389284372329712,0.4878491461277008,0.9394484758377075,0.45109257102012634,0.7372627258300781,0.44812265038490295,0.7283020615577698,0.433829665184021,0.7304545044898987,0.5531736612319946,0.7355751395225525,0.555417537689209,0.7904062271118164,0.5211643576622009,0.8594658970832825,0.5631271600723267,0.7000213265419006,0.5335172414779663,0.6944422125816345,0.5702431201934814,0.7098324298858643,0.5506405234336853,0.6944552659988403,0.5131969451904297,0.6962305903434753,0.5150914788246155,0.7348442673683167,0.5420854091644287,0.7410867810249329,0.5280483961105347,0.7395502924919128,0.5305976271629333,0.7291269302368164,0.5445078015327454,0.7310154438018799,0.44275301694869995,0.7326030731201172,0.4517173171043396,0.7316080927848816,0.4419706463813782,0.7232578992843628,0.43363574147224426,0.7334781289100647,0.4434564709663391,0.7418238520622253,0.536911129951477,0.7343760132789612,0.5451810956001282,0.7349566221237183,0.5373938679695129,0.725243330001831,0.5286684632301331,0.7337014675140381,0.5364580750465393,0.7433581948280334
52,1772102982037,0.49214357137680054,0.7991409301757812,0.4891091585159302,0.8498143553733826,0.4892113208770752,0.8498364686965942,0.42480218410491943,0.7340818643569946,0.42129939794540405,0.7901304364204407,0.4538600742816925,0.855954110622406,0.41395479440689087,0.6991263031959534,0.4465658366680145,0.6937126517295837,0.4053989052772522,0.7090597152709961,0.42792993783950806,0.6933689713478088,0.46775683760643005,0.6958787441253662,0.4631083309650421,0.7331421375274658,0.43654555082321167,0.7389217019081116,0.487787127494812,0.938917875289917,0.45051369071006775,0.7375221252441406,0.44795721769332886,0.727867603302002,0.4341508746147156,0.7298399806022644,0.553099513053894,0.7347208857536316,0.554969072341919,0.7907736897468567,0.5213662385940552,0.8583062291145325,0.5626384019851685,0.6999162435531616,0.5330045223236084,0.6943625211715698,0.5699154138565063,0.7098413705825806,0.5500796437263489,0.6943566799163818,0.5128387212753296,0.6961477994918823,0.5151098370552063,0.7342926859855652,0.5418054461479187,0.7398558259010315,0.5279942154884338,0.7384390234947205,0.5304898023605347,0.7286052703857422,0.5443753004074097,0.7302296161651611,0.44276008009910583,0.7325172424316406,0.45113202929496765,0.7316137552261353,0.4420669972896576,0.7234649658203125,0.434218168258667,0.7333371639251709,0.44337859749794006,0.7414880394935608,0.5369734764099121,0.7332305908203125,0.5454248785972595,0.7338521480560303,0.537339985370636,0.7242127060890198,0.5285282731056213,0.7325109243392944,0.5366331338882446,0.742135226726532
53,1772102982069,0.49401721358299255,0.7991167306900024,0.4889861047267914,0.8507810235023499,0.489061564207077,0.8507199883460999,0.4265991151332855,0.7346724271774292,0.42277324199676514,0.7901292443275452,0.454743355512619,0.858066201210022,0.415021687746048,0.6986224055290222,0.4479256570339203,0.6933857202529907,0.4065028429031372,0.7086085081100464,0.42906540632247925,0.6929779052734375,0.46940961480140686,0.6956775188446045,0.46506062150001526,0.7337154150009155,0.4384186267852783,0.7393418550491333,0.48844632506370544,0.939570426940918,0.45237675309181213,0.737943708896637,0.44963130354881287,0.7282013893127441,0.43578749895095825,0.7302224040031433,0.5532882809638977,0.7355982065200806,0.5556691884994507,0.7914162278175354,0.5220229029655457,0.8599315881729126,0.5631445050239563,0.6997479796409607,0.5340039730072021,0.694311797618866,0.5701364874839783,0.7101693153381348,0.5508260130882263,0.69400554895401,0.5142056345939636,0.6966055631637573,0.5163180232048035,0.7357397675514221,0.5425543785095215,0.740905225276947,0.5290402770042419,0.7397551536560059,0.5314555168151855,0.7288276553153992,0.5449994206428528,0.730459451675415,0.4443932771682739,0.732775092124939,0.4527847170829773,0.7318721413612366,0.4436643123626709,0.7238123416900635,0.4358155429363251,0.7336068749427795,0.4450451135635376,0.7416602969169617,0.537513017654419,0.7347056865692139,0.5455434322357178,0.7352823615074158,0.5378994941711426,0.7255481481552124,0.5295020341873169,0.7340010404586792,0.5371443033218384,0.7436959147453308
54,1772102982105,0.4942017197608948,0.7996441721916199,0.48983901739120483,0.8503000140190125,0.4900006055831909,0.8501840829849243,0.42574596405029297,0.7340129017829895,0.42281872034072876,0.7899949550628662,0.4540533423423767,0.8575735688209534,0.4145275354385376,0.6989945769309998,0.44752660393714905,0.6942219734191895,0.4059996008872986,0.7083677053451538,0.42859315872192383,0.6936891078948975,0.4692016839981079,0.6963567733764648,0.4650800824165344,0.7338327169418335,0.4379196763038635,0.739692211151123,0.48900386691093445,0.9388486742973328,0.4523104131221771,0.7382506728172302,0.4492531418800354,0.7275035381317139,0.43491142988204956,0.7295262813568115,0.5535973310470581,0.7354118824005127,0.5559874773025513,0.7909613251686096,0.523646354675293,0.8597446084022522,0.5632084012031555,0.6996843218803406,0.5336564779281616,0.6944581866264343,0.5704795122146606,0.7098335027694702,0.5506563782691956,0.6941209435462952,0.5137653350830078,0.696660578250885,0.5160683393478394,0.7353245615959167,0.5424326658248901,0.7402859926223755,0.528790295124054,0.7389683723449707,0.5314075350761414,0.7290047407150269,0.5450536608695984,0.7305873036384583,0.4434686601161957,0.7324472069740295,0.4525217115879059,0.7313961982727051,0.4427146315574646,0.7229592800140381,0.4342855215072632,0.7333961725234985,0.44415414333343506,0.7418283224105835,0.5384266376495361,0.7336455583572388,0.5463264584541321,0.7342278361320496,0.5386972427368164,0.7247127890586853,0.5305434465408325,0.7329384088516235,0.5381854772567749,0.7424322962760925
55,1772102982137,0.4941111207008362,0.7997210621833801,0.48973482847213745,0.8500850796699524,0.48980915546417236,0.8503044247627258,0.4259794354438782,0.7337725758552551,0.4228200912475586,0.7905392646789551,0.45427167415618896,0.8590423464775085,0.4143694043159485,0.6991326212882996,0.44739606976509094,0.6945650577545166,0.40588197112083435,0.7084568738937378,0.42850300669670105,0.693934440612793,0.46892470121383667,0.6966846585273743,0.4647338390350342,0.7326257824897766,0.4382430613040924,0.7388398051261902,0.4891681969165802,0.9405243396759033,0.4523933529853821,0.7370660305023193,0.4492573142051697,0.7276981472969055,0.43521571159362793,0.7298194766044617,0.554231584072113,0.7364405393600464,0.5561602711677551,0.7919037938117981,0.5220130681991577,0.8609573245048523,0.5633682012557983,0.7000913023948669,0.5337880253791809,0.6951243877410889,0.5708528757095337,0.7103185653686523,0.5507255792617798,0.6946552991867065,0.5140584707260132,0.6973803639411926,0.5169146656990051,0.7360999584197998,0.5430861711502075,0.741619348526001,0.5295035243034363,0.7401692867279053,0.5319746732711792,0.7295210957527161,0.5455602407455444,0.7313477993011475,0.4439263343811035,0.732261061668396,0.4522498548030853,0.7313359379768372,0.4431854784488678,0.7231069803237915,0.4354062080383301,0.7331057786941528,0.44457611441612244,0.7413215041160583,0.5382841229438782,0.734273374080658,0.5465723872184753,0.7349360585212708,0.5386796593666077,0.7248769402503967,0.5300102233886719,0.7335103750228882,0.5379032492637634,0.7435425519943237
56,1772102982169,0.4944504499435425,0.8015233874320984,0.4900650978088379,0.8514763712882996,0.49005210399627686,0.8516521453857422,0.42624998092651367,0.7343569993972778,0.42363372445106506,0.7916568517684937,0.454898864030838,0.8592745661735535,0.4145970940589905,0.6991122961044312,0.4474231004714966,0.6945984363555908,0.4060918390750885,0.7086125016212463,0.42861974239349365,0.6939046382904053,0.46884721517562866,0.696915864944458,0.4647260308265686,0.733556866645813,0.43863344192504883,0.7392751574516296,0.4892366826534271,0.9409065246582031,0.45268943905830383,0.7375732660293579,0.44950947165489197,0.7282078266143799,0.43555840849876404,0.7303339242935181,0.5539417862892151,0.7358986735343933,0.5563137531280518,0.7924922704696655,0.5228080749511719,0.8607543706893921,0.5642035007476807,0.7003033757209778,0.5345172882080078,0.6953321099281311,0.5714989304542542,0.7101171612739563,0.551613450050354,0.6948764324188232,0.5144825577735901,0.6974654197692871,0.517199695110321,0.7348498702049255,0.5429474711418152,0.7408585548400879,0.5295302271842957,0.7392117381095886,0.5321786999702454,0.7293388843536377,0.545549213886261,0.7314525842666626,0.444755882024765,0.7325353622436523,0.4532921016216278,0.7315833568572998,0.44396355748176575,0.7232811450958252,0.4360562562942505,0.733391284942627,0.44546449184417725,0.7417082190513611,0.5379197597503662,0.7343683838844299,0.5457926392555237,0.7350590229034424,0.5383588671684265,0.7252863645553589,0.5300937294960022,0.7335712909698486,0.5375196933746338,0.7433142066001892
57,1772102982201,0.4946404695510864,0.8018091320991516,0.49021294713020325,0.8518710732460022,0.49041661620140076,0.85164874792099,0.4263797402381897,0.7344261407852173,0.4228271543979645,0.7905473709106445,0.45450347661972046,0.8581026792526245,0.4148951470851898,0.6994430422782898,0.44764140248298645,0.6950352191925049,0.4065525233745575,0.7086859345436096,0.42883041501045227,0.6943478584289551,0.4691997766494751,0.6973010301589966,0.46512043476104736,0.7341004014015198,0.4386689066886902,0.7397630214691162,0.4893927574157715,0.9410752654075623,0.45284682512283325,0.7382998466491699,0.44970065355300903,0.7287827730178833,0.43558499217033386,0.730573832988739,0.554505467414856,0.7359504699707031,0.5573161840438843,0.7917882800102234,0.5228481888771057,0.8608638644218445,0.5643083453178406,0.7010594606399536,0.5349786877632141,0.6959809064865112,0.5713703632354736,0.7110030055046082,0.551899790763855,0.6955811381340027,0.5150081515312195,0.6981936097145081,0.5167663097381592,0.7360711097717285,0.5435560941696167,0.7411433458328247,0.529723048210144,0.7398877143859863,0.5322051644325256,0.7292726039886475,0.5461332201957703,0.7308789491653442,0.4445253610610962,0.7333824038505554,0.4532147943973541,0.7325385808944702,0.44390130043029785,0.7242662906646729,0.4357072114944458,0.734126627445221,0.4450832009315491,0.7423959970474243,0.5386922359466553,0.7339881658554077,0.5466545820236206,0.7345548868179321,0.5390781760215759,0.7248645424842834,0.5307635068893433,0.7332921028137207,0.5383375883102417,0.7429986000061035
58,1772102982233,0.49492934346199036,0.7998309135437012,0.4911901652812958,0.8512123227119446,0.49138277769088745,0.8507258892059326,0.4261798858642578,0.7326862215995789,0.4235711991786957,0.7897390723228455,0.4551416337490082,0.8586432933807373,0.41578710079193115,0.6981120705604553,0.4487447738647461,0.693809986114502,0.40703317523002625,0.7076441049575806,0.42994722723960876,0.6929642558097839,0.4701303243637085,0.6963732838630676,0.4645322263240814,0.7331436276435852,0.43826594948768616,0.7376466989517212,0.48888084292411804,0.9402836561203003,0.45216885209083557,0.7364457845687866,0.4494436979293823,0.7275435328483582,0.4354746639728546,0.728853166103363,0.5533682703971863,0.7361584305763245,0.5569071769714355,0.7916529178619385,0.5232294201850891,0.8606611490249634,0.5639168620109558,0.7011189460754395,0.5345795750617981,0.6954459547996521,0.5712481141090393,0.7111077308654785,0.5514328479766846,0.6953915953636169,0.5148864388465881,0.6972560286521912,0.5161516070365906,0.735220730304718,0.542657732963562,0.7409002184867859,0.5290677547454834,0.7395570278167725,0.531420886516571,0.7287864089012146,0.545027494430542,0.7311526536941528,0.4426947832107544,0.7313078045845032,0.45144790410995483,0.7304279804229736,0.4420648515224457,0.721964418888092,0.43380415439605713,0.7321047782897949,0.44328704476356506,0.7405800819396973,0.5363945364952087,0.7335386276245117,0.5447143912315369,0.7342207431793213,0.5368091464042664,0.7243465185165405,0.5280981063842773,0.7327357530593872,0.5360330939292908,0.7426318526268005
59,1772102982269,0.49546241760253906,0.7999193072319031,0.49073922634124756,0.8515651822090149,0.49075523018836975,0.8516569137573242,0.42658376693725586,0.732002317905426,0.4247320294380188,0.7909472584724426,0.4563145041465759,0.8595426678657532,0.4163297712802887,0.6989534497261047,0.44887077808380127,0.6939041614532471,0.4076460897922516,0.7087468504905701,0.43035441637039185,0.6933854818344116,0.46993252635002136,0.6962366700172424,0.4647468328475952,0.7334903478622437,0.4382130801677704,0.7375317215919495,0.49083006381988525,0.9384894371032715,0.45214444398880005,0.7367982268333435,0.4496826231479645,0.7259207367897034,0.4353838264942169,0.7272464036941528,0.5532282590866089,0.7350927591323853,0.5569576621055603,0.7918273210525513,0.523715078830719,0.8617936968803406,0.5642635226249695,0.7010364532470703,0.5353380441665649,0.6959424614906311,0.5712392330169678,0.7105081081390381,0.552095353603363,0.6955749988555908,0.5154814124107361,0.6979753375053406,0.516425609588623,0.7350274324417114,0.5425570011138916,0.7403442859649658,0.529013991355896,0.7391289472579956,0.5316944122314453,0.7275688648223877,0.5453556180000305,0.7299876809120178,0.44234228134155273,0.7310885787010193,0.45089951157569885,0.7303963899612427,0.4419264495372772,0.7217121124267578,0.433702677488327,0.7316883206367493,0.44270920753479004,0.7403782606124878,0.5361407399177551,0.7318831086158752,0.5448200702667236,0.7326844930648804,0.5365508794784546,0.7223007678985596,0.5274837017059326,0.7309557199478149,0.5357920527458191,0.7413694262504578
