timestamp,ear_norm,mouth_norm,jaw_norm,stress_flag,flat_affect_flag,arousal_flag
1768818704.37,0.977,1.394,0.725,0.374,0.5,0.076
1768818704.57,0.934,1.27,0.833,0.283,0.5,0.075
1768818704.87,0.975,4.748,1.182,0.141,0.5,0.077
1768818705.17,0.945,0.693,1.09,0.286,0.5,0.076
1768818705.37,0.968,1.565,1.031,0.0,0.5,0.073
1768818705.58,1.012,3.819,0.996,0.0,0.5,0.07
1768818705.87,0.908,6.236,0.991,1.0,0.5,0.065
1768818706.07,0.938,2.822,1.009,0.316,0.5,0.064
1768818706.37,0.99,19.004,1.167,0.0,0.5,0.064
1768818706.6,0.966,5.344,1.155,0.0,0.5,0.065
1768818706.87,0.979,0.217,1.143,0.525,0.5,0.068
1768818707.07,1.082,0.073,1.069,1.0,0.5,0.069
1768818707.27,0.981,0.162,1.067,0.933,0.5,0.069
1768818707.57,0.975,0.047,1.034,0.436,0.5,0.069
1768818707.87,1.048,0.166,1.046,0.587,0.5,0.068
1768818708.17,0.997,0.354,1.032,0.121,0.5,0.067
1768818708.47,1.058,7.674,1.114,0.0,0.5,0.067
1768818708.77,1.04,0.409,1.083,1.0,0.5,0.068
1768818709.07,0.979,2.181,1.083,1.0,0.5,0.07
1768818709.27,1.057,0.33,1.074,0.447,0.5,0.071
1768818709.57,1.024,1.351,1.113,0.156,0.5,0.072
1768818709.87,1.088,9.999,1.141,0.0,0.5,0.071
1768818710.07,1.075,10.586,1.112,0.0,0.5,0.069
1768818710.27,1.055,0.219,1.029,1.0,0.5,0.067
1768818710.47,0.855,0.532,1.011,0.911,0.5,0.066
1768818737.83,1.0,0.009,0.971,0.572,0.5,0.096
1768818738.03,1.008,0.021,0.954,0.769,0.5,0.098
1768818738.33,0.826,0.078,1.04,0.906,0.5,0.104
1768818738.54,0.44,0.328,1.141,0.357,0.5,0.105
1768818738.83,0.662,0.163,1.129,0.518,0.5,0.104
1768818739.13,0.579,1.486,1.094,0.964,0.5,0.111
1768818739.33,0.529,1.559,1.075,0.0,0.5,0.107
1768818739.63,1.216,0.043,0.986,1.0,0.5,0.098
1768818739.84,0.882,0.247,0.975,1.0,0.5,0.094
1768818740.13,0.858,0.025,0.953,0.35,0.5,0.086
1768818740.44,1.158,0.019,0.929,0.233,0.5,0.084
1768818740.74,0.237,0.011,0.889,0.764,0.5,0.088
1768818740.94,0.92,0.04,0.876,0.0,0.5,0.086
1768818741.23,1.016,0.032,0.904,0.0,0.5,0.085
1768818741.45,1.099,0.019,0.934,0.0,0.5,0.085
1768818741.74,1.068,0.055,0.923,0.156,0.5,0.078
1768818741.94,1.033,1.64,1.027,1.0,0.5,0.077
1768818742.14,0.942,1.826,1.085,0.787,0.5,0.077
1768818742.44,1.049,0.077,0.923,0.337,0.5,0.075
1768818742.73,0.982,1.354,0.97,0.137,0.5,0.073
1768818742.94,1.013,2.027,0.981,0.0,0.5,0.072
1768818743.24,1.073,1.358,1.003,0.604,0.5,0.07
1768818743.53,1.053,1.229,0.978,1.0,0.5,0.071
1768818743.73,0.427,0.396,0.921,0.811,0.5,0.072
1768818743.94,0.792,0.663,0.929,0.562,0.5,0.072
1768818744.24,0.826,0.017,0.898,0.171,0.5,0.073
1768818744.46,0.708,0.056,0.902,0.0,0.5,0.072
1768818744.74,1.439,2.328,0.972,0.0,0.5,0.069
1768818745.04,1.459,1.762,0.906,0.0,0.5,0.065
1768818745.34,1.493,0.222,0.851,0.061,0.5,0.059
1768818745.55,0.92,0.563,0.859,1.0,0.5,0.058
1768818745.84,1.05,1.58,0.865,0.393,0.5,0.057
1768818746.04,1.025,0.098,0.794,0.276,0.5,0.059
1768818746.24,1.093,2.888,0.972,0.424,0.5,0.062
1768818746.54,0.97,1.96,0.969,0.808,0.5,0.065
1768818746.74,1.015,2.848,0.986,0.238,0.5,0.067
1768818747.04,1.063,0.097,0.886,0.228,0.5,0.068
1768818747.33,1.001,0.18,0.884,0.3,0.5,0.066
1768818747.54,1.014,0.029,0.862,0.797,0.5,0.065
1768818747.84,1.057,0.027,0.857,0.981,0.5,0.064
1768818748.04,1.032,0.025,0.855,0.0,0.5,0.064
1768818748.34,1.01,0.014,0.85,0.157,0.5,0.063
1768818748.63,1.008,0.026,0.866,0.0,0.5,0.063
1768818748.95,0.995,0.018,0.856,0.234,0.5,0.063
1768818749.23,1.049,0.018,0.85,0.898,0.5,0.063
1768818749.43,1.009,0.033,0.86,0.369,0.5,0.063
1768818749.74,1.028,0.007,0.864,0.0,0.5,0.063
1768818749.95,0.994,0.011,0.866,0.659,0.5,0.063
1768818750.25,1.074,1.288,0.917,0.0,0.5,0.063
1768818750.53,0.161,1.735,0.95,0.54,0.5,0.066
1768818750.83,1.354,1.033,0.866,0.0,0.5,0.068
1768818751.13,1.369,1.372,0.899,0.906,0.5,0.071
1768818751.33,0.9,0.024,0.838,0.18,0.5,0.071
1768818751.64,0.917,1.725,0.941,0.269,0.5,0.069
1768818751.93,0.931,1.971,0.913,0.0,0.5,0.065
1768818752.13,0.975,3.908,1.029,0.056,0.5,0.063
1768818752.43,0.954,2.115,0.961,0.708,0.5,0.061
1768818752.73,0.952,1.939,0.983,0.0,0.5,0.063
1768818753.03,1.06,1.383,0.888,0.0,0.5,0.064
1768818753.33,1.082,0.04,0.807,0.18,0.5,0.063
1768818753.53,1.159,1.913,0.95,0.0,0.5,0.059
1768818753.73,1.145,1.361,0.92,0.0,0.5,0.054
1768818754.03,1.21,1.686,0.891,0.065,0.5,0.05
1768818754.24,1.122,1.775,0.95,0.0,0.5,0.049
1768818754.53,1.071,1.849,1.025,1.0,0.5,0.053
1768818754.75,1.082,1.658,1.034,0.648,0.5,0.056
1768818755.03,1.053,0.276,0.935,0.968,0.5,0.058
1768818755.23,1.044,2.258,1.091,1.0,0.5,0.057
1768818755.53,4.338,0.264,1.021,0.0,0.5,0.06
1768818755.73,3.93,3.786,1.121,0.0,0.5,0.063
1768818755.93,3.474,1.284,1.027,0.027,0.5,0.066
1768818756.23,4.857,0.107,0.991,0.0,0.5,0.072
1768818756.53,4.65,3.835,1.065,0.0,0.5,0.07
1768818756.74,4.484,0.911,1.014,0.923,0.5,0.068
1768818757.04,1.676,4.843,0.846,1.0,0.5,0.066
1768818757.33,3.46,4.053,0.864,1.0,0.5,0.066
1768818757.53,1.062,1.748,1.003,0.814,0.5,0.063
1768818757.73,1.134,0.068,0.862,0.603,0.5,0.059
1768818758.03,0.83,0.164,0.984,0.42,0.5,0.06
1768818758.3,2.506,1.898,1.074,0.0,0.5,0.061
1768818758.54,2.588,5.958,1.154,0.697,0.5,0.065
1768818758.84,1.04,1.928,1.184,0.661,0.5,0.077
1768818759.04,0.978,1.205,1.075,0.632,0.5,0.077
1768818759.34,1.742,3.092,1.057,0.0,0.5,0.08
1768818759.64,3.232,0.386,0.954,0.0,0.5,0.075
1768818759.84,3.839,0.103,0.926,0.0,0.5,0.07
1768818760.13,1.029,2.055,1.064,0.898,0.5,0.069
1768818760.33,0.958,1.493,1.097,0.764,0.5,0.069
1768818760.63,1.051,0.018,0.971,0.592,0.5,0.075
1768818760.84,1.041,1.696,1.105,0.579,0.5,0.079
1768818761.14,0.97,0.095,1.007,0.0,0.5,0.082
1768818761.43,0.943,2.317,1.102,0.304,0.5,0.084
1768818761.63,1.042,2.371,1.08,0.0,0.5,0.083
1768818761.84,1.088,1.455,1.036,0.0,0.5,0.082
1768818762.13,1.012,2.204,1.059,0.0,0.5,0.081
1768818762.34,1.05,0.083,1.03,1.0,0.5,0.079
1768818762.54,0.993,2.276,1.119,0.852,0.5,0.078
1768818762.76,0.986,1.804,1.087,0.0,0.5,0.076
1768818763.04,0.986,1.936,1.089,0.309,0.5,0.072
1768818763.24,0.974,0.031,0.908,0.0,0.5,0.069
1768818763.53,0.933,0.022,0.883,0.0,0.5,0.063
1768818763.73,1.04,0.031,0.911,0.076,0.5,0.06
1768818763.94,1.029,0.037,0.918,0.684,0.5,0.058
1768818764.24,1.097,0.089,0.929,0.0,0.5,0.058
1768818764.54,1.509,0.555,0.998,1.0,0.5,0.059
1768818764.85,3.093,2.894,0.991,0.0,0.5,0.061
1768818765.13,4.078,0.151,0.894,0.0,0.5,0.062
1768818765.34,3.975,0.339,0.865,0.237,0.5,0.06
1768818765.63,2.855,0.183,0.84,0.668,0.5,0.058
1768818765.83,2.142,0.295,0.899,1.0,0.5,0.055
1768818766.13,1.071,1.337,0.928,0.893,0.5,0.057
1768818766.34,1.111,1.334,0.923,0.701,0.5,0.062
1768818766.64,1.006,1.848,1.069,0.704,0.5,0.069
1768818766.93,1.085,0.04,0.967,0.0,0.5,0.073
1768818767.24,1.107,2.676,1.083,0.0,0.5,0.075
1768818767.46,1.06,0.08,1.034,0.681,0.5,0.076
1768818767.74,0.868,1.933,1.098,1.0,0.5,0.077
1768818767.94,1.308,2.362,1.101,0.344,0.5,0.077
1768818768.24,1.606,2.359,1.151,0.0,0.5,0.078
1768818768.54,2.778,0.203,0.982,0.0,0.5,0.072
1768818768.84,2.02,0.205,0.922,0.072,0.5,0.066
1768818769.04,1.9,0.176,0.885,0.378,0.5,0.063
1768818769.34,1.898,0.164,0.933,0.373,0.5,0.061
1768818769.54,2.927,0.319,0.911,0.019,0.5,0.062
1768818769.74,1.229,0.596,0.925,1.0,0.5,0.066
1768818769.94,1.039,2.439,1.14,0.998,0.5,0.071
1768818770.24,0.846,0.061,1.132,0.742,0.5,0.082
1768818770.54,0.862,0.038,1.068,0.929,0.5,0.092
1768818770.74,0.864,0.029,1.065,0.0,0.5,0.094
1768818770.94,0.889,0.289,1.034,0.0,0.5,0.093
1768818771.24,0.901,1.84,1.128,0.0,0.5,0.086
1768818771.44,0.856,1.292,1.127,0.0,0.5,0.082
1768818771.74,0.664,2.123,1.141,1.0,0.5,0.08
1768818772.03,1.798,1.01,1.04,0.0,0.5,0.077
1768818772.26,3.178,3.225,1.066,0.165,0.5,0.073
1768818772.54,0.353,2.518,1.137,0.627,0.5,0.077
1768818772.84,0.449,1.534,1.04,0.709,0.5,0.075
1768818773.04,0.345,1.802,1.052,0.247,0.5,0.079
1768819398.52,1.044,1.379,0.816,1.0,0.5,0.031
1768819398.72,0.841,1.132,0.791,0.767,0.5,0.031
1768819400.82,0.898,3.946,1.047,1.0,0.5,0.029
1768819401.12,0.836,4.447,1.221,0.491,0.5,0.025
1768819401.41,0.824,0.777,1.205,0.889,0.5,0.026
1768819402.32,0.793,0.166,1.189,0.971,0.5,0.027
1768819402.62,0.825,0.378,1.16,0.0,0.5,0.033
1768819402.82,1.358,0.516,1.135,0.0,0.5,0.038
1768819403.12,1.312,1.174,1.243,0.756,0.5,0.045
1768819403.42,0.806,1.062,1.23,0.873,0.5,0.048
1768819403.72,0.699,1.639,1.309,0.75,0.5,0.046
1768819403.94,0.642,2.737,1.426,0.681,0.5,0.043
1768819406.02,0.858,6.249,1.353,0.0,0.5,0.041
1768819407.32,0.66,0.633,0.878,0.0,0.5,0.04
1768819407.62,0.908,0.817,1.056,0.0,0.5,0.038
1768819407.82,0.805,0.352,1.011,0.0,0.5,0.038
1768819408.12,1.195,0.205,1.167,0.0,0.5,0.042
1768819408.42,1.068,0.394,1.083,1.0,0.5,0.044
1768819408.62,0.696,0.102,1.12,0.958,0.5,0.044
1768819408.92,0.754,0.025,1.135,0.674,0.5,0.042
1768819409.12,0.808,0.125,1.143,0.855,0.5,0.04
1768819409.42,0.844,0.14,1.107,0.0,0.5,0.038
1768819409.72,0.788,0.259,1.128,0.0,0.5,0.038
1768819409.92,0.514,0.352,1.153,0.268,0.5,0.038
1768819410.12,0.756,0.035,1.129,0.013,0.5,0.037
1768819410.42,0.791,0.267,1.124,0.272,0.5,0.036
1768819410.64,0.858,0.375,1.133,0.87,0.5,0.035
1768819410.92,1.022,0.505,1.06,0.0,0.5,0.033
1768819411.12,0.962,0.244,1.076,0.973,0.5,0.032
1768819411.42,0.783,0.271,1.108,0.284,0.5,0.032
1768819418.12,0.748,0.454,1.108,0.0,0.5,0.029
1768819418.42,0.603,0.356,1.248,0.671,0.5,0.029
1768819418.72,0.734,0.225,1.09,0.377,0.5,0.032
1768819419.02,0.793,0.235,1.081,0.402,0.5,0.034
1768819419.22,0.863,0.106,1.054,0.01,0.5,0.038
1768819419.52,0.751,0.232,1.074,0.323,0.5,0.038
1768819419.82,0.771,0.184,1.024,0.0,0.5,0.038
1768819420.02,0.888,0.153,0.976,0.648,0.5,0.039
1768819420.22,0.68,0.318,0.999,0.0,0.5,0.04
1768819421.02,0.763,0.185,1.075,0.961,0.5,0.038
1768819421.32,0.781,0.241,1.09,0.5,0.5,0.038
1768819421.52,0.758,0.233,1.109,0.0,0.5,0.038
1768819421.82,0.653,1.658,0.872,0.223,0.5,0.037
1768819440.12,0.97,5.388,0.992,0.626,0.5,0.039
1768819440.42,0.823,0.101,1.209,0.071,0.5,0.041
1768819440.62,0.831,0.572,1.189,0.025,0.5,0.042
1768819440.82,0.792,0.096,1.211,1.0,0.5,0.042
1768819441.12,0.673,0.145,1.187,0.304,0.5,0.043
1768819441.42,0.827,0.182,1.102,0.479,0.5,0.041
1768819441.64,0.795,0.296,1.129,0.0,0.5,0.04
1768819441.92,0.83,0.142,1.097,0.0,0.5,0.038
1768819442.22,0.81,4.132,1.124,0.0,0.5,0.037
1768819442.52,0.818,2.025,1.091,0.271,0.5,0.037
1768819442.82,0.798,5.313,1.139,1.0,0.5,0.037
1768819443.02,0.813,0.264,1.069,0.793,0.5,0.037
1768819443.32,0.952,0.119,0.954,0.0,0.5,0.037
1768819443.72,0.808,0.423,0.93,0.956,0.5,0.037
1768819444.02,0.847,1.978,1.221,0.0,0.5,0.038
1768819444.22,1.379,1.3,0.907,0.0,0.5,0.038
1768819444.42,0.913,0.252,1.038,0.561,0.5,0.039
1768819444.72,0.792,0.189,1.045,0.209,0.5,0.039
1768819445.02,0.832,0.114,1.107,0.76,0.5,0.04
1768819445.32,0.892,3.11,1.183,0.001,0.5,0.042
1768819445.52,0.845,0.354,1.214,0.0,0.5,0.043
1768819445.82,0.847,0.444,1.193,0.317,0.5,0.044
1768819446.04,0.807,0.372,1.167,0.0,0.5,0.044
1768819446.32,0.919,0.346,1.323,0.0,0.5,0.043
1768819446.52,0.875,0.352,1.205,0.0,0.5,0.042
1768819446.82,0.518,0.217,1.147,0.551,0.5,0.043
1768819447.12,0.848,0.094,1.162,0.163,0.5,0.044
1768819447.32,0.825,0.304,1.16,0.017,0.5,0.044
1768819447.62,0.936,0.286,1.168,0.104,0.5,0.043
1768819447.82,0.943,0.19,1.208,0.0,0.5,0.042
1768819448.12,0.948,0.264,1.17,0.211,0.5,0.04
1768819448.32,1.013,0.2,1.177,1.0,0.5,0.041
1768819448.62,0.837,1.729,1.192,0.28,0.5,0.041
1768819448.82,0.85,0.334,1.187,0.127,0.5,0.041
1768819449.12,0.889,0.127,1.22,0.111,0.5,0.042
1768819449.34,0.923,0.237,1.189,0.714,0.5,0.041
1768819449.62,0.885,0.233,1.175,0.0,0.5,0.041
1768819449.92,0.989,0.222,1.179,0.0,0.5,0.041
1768819450.22,0.91,0.265,1.171,0.878,0.5,0.041
1768819450.52,0.457,0.323,1.186,0.357,0.5,0.042
1768819450.72,0.814,0.181,1.186,0.177,0.5,0.042
1768819451.02,0.849,0.153,1.19,0.378,0.5,0.043
1768819451.22,0.464,0.375,1.205,0.063,0.5,0.044
1768819451.52,0.86,0.275,1.179,0.0,0.5,0.044
1768819451.82,0.897,0.302,1.137,0.035,0.5,0.043
1768819452.12,0.823,0.176,1.142,0.0,0.5,0.043
1768819452.32,0.903,0.127,1.156,1.0,0.5,0.044
1768819452.62,0.915,0.964,1.188,0.045,0.5,0.044
1768819452.82,0.912,0.24,1.172,0.0,0.5,0.044
1768819453.02,0.922,0.158,1.198,0.0,0.5,0.043
1768819453.32,0.847,0.323,1.203,1.0,0.5,0.042
1768819453.62,0.734,0.099,1.181,0.783,0.5,0.042
1768819453.85,0.985,0.144,1.172,0.142,0.5,0.041
1768819454.12,0.838,0.174,1.154,0.0,0.5,0.041
1768819454.42,0.94,0.64,1.162,0.0,0.5,0.04
1768819454.72,0.923,1.317,1.214,0.282,0.5,0.04
1768819454.92,0.876,0.138,1.164,0.266,0.5,0.041
1768819455.22,0.937,0.27,1.19,1.0,0.5,0.041
1768819455.52,0.904,0.243,1.21,0.039,0.5,0.04
1768819455.72,0.937,0.198,1.218,0.413,0.5,0.04
1768819456.02,0.822,0.231,1.195,0.126,0.5,0.041
1768819456.32,0.569,0.207,1.2,0.371,0.5,0.043
1768819456.52,0.915,0.207,1.196,0.0,0.5,0.043
1768819456.72,0.784,0.192,1.213,1.0,0.5,0.044
1768819457.02,0.876,0.177,1.216,0.069,0.5,0.043
1768819457.22,0.954,0.268,1.186,0.098,0.5,0.042
1768819457.52,0.925,0.192,1.214,1.0,0.5,0.042
1768819457.82,0.854,0.211,1.196,0.066,0.5,0.042
1768819458.05,0.9,0.169,1.217,0.007,0.5,0.042
1768819458.32,0.906,0.173,1.205,0.069,0.5,0.042
1768819458.62,0.506,0.095,1.212,0.211,0.5,0.042
1768819458.82,0.906,0.14,1.182,0.0,0.5,0.042
1768819459.14,0.965,0.253,1.195,0.0,0.5,0.042
1768819459.42,0.905,0.137,1.198,0.273,0.5,0.042
1768819459.63,0.888,0.193,1.171,0.0,0.5,0.041
1768819459.92,0.845,0.276,1.131,0.573,0.5,0.04
1768819460.22,1.003,1.733,1.162,0.835,0.5,0.041
1768819460.42,0.824,0.373,1.263,0.934,0.5,0.042
1768819460.72,0.832,2.824,1.568,0.532,0.5,0.044
1768819461.02,0.955,0.048,1.475,0.0,0.5,0.045
1768819461.22,0.821,0.701,1.422,1.0,0.5,0.045
1768819461.52,0.877,0.741,1.305,0.0,0.5,0.046
1768819461.82,0.928,0.259,1.55,0.0,0.5,0.052
1768819462.12,0.88,0.196,1.547,0.415,0.5,0.058
1768819462.35,0.789,0.094,1.588,0.424,0.5,0.061
1768819462.62,0.859,0.205,1.544,0.716,0.5,0.063
1768819462.82,0.852,0.184,1.575,0.662,0.5,0.063
1768819463.12,0.742,0.294,1.604,0.013,0.5,0.064
1768819463.42,0.895,0.148,1.616,0.008,0.5,0.063
1768819463.62,0.957,0.236,1.623,0.0,0.5,0.063
1768819463.82,0.909,0.147,1.597,0.0,0.5,0.062
1768819464.12,0.778,0.127,1.585,1.0,0.5,0.06
1768819464.42,0.955,0.268,1.594,0.12,0.5,0.061
1768819464.62,0.956,0.121,1.626,0.039,0.5,0.061
1768819464.92,0.963,0.354,1.613,0.0,0.5,0.061
1768819465.12,0.933,0.25,1.599,0.0,0.5,0.06
1768819465.32,0.538,0.17,1.64,0.914,0.5,0.061
1768819465.62,0.901,0.259,1.633,0.064,0.5,0.061
1768819465.82,0.928,0.279,1.595,0.119,0.5,0.061
1768819466.02,0.918,0.286,1.666,0.186,0.5,0.062
1768819466.32,0.901,0.188,1.651,1.0,0.5,0.061
1768819466.52,0.712,0.089,1.6,1.0,0.5,0.063
1768819466.72,0.826,0.159,1.615,0.189,0.5,0.064
1768819466.95,0.873,0.146,1.653,0.0,0.5,0.063
1768819467.22,0.933,0.212,1.569,0.0,0.5,0.063
1768819467.52,0.802,0.621,1.818,1.0,0.5,0.061
1768819467.72,0.767,0.211,1.614,0.191,0.5,0.06
1768819467.92,0.863,0.058,1.569,0.014,0.5,0.06
1768819468.12,0.905,0.227,1.645,0.0,0.5,0.061
1768819468.42,0.858,0.281,1.622,0.0,0.5,0.06
1768819468.72,0.97,0.199,1.654,0.0,0.5,0.059
1768819469.03,0.941,0.065,1.634,0.431,0.5,0.059
1768819469.32,0.722,0.12,1.669,0.983,0.5,0.061
1768819469.62,0.885,0.165,1.631,0.237,0.5,0.062
1768819469.82,0.928,0.225,1.584,0.245,0.5,0.062
1768819470.12,0.965,0.195,1.609,0.0,0.5,0.062
1768819470.42,0.98,0.415,1.591,0.0,0.5,0.059
1768819470.72,0.997,0.284,1.596,0.089,0.5,0.058
1768819471.02,0.906,0.272,1.593,1.0,0.5,0.056
1768819471.24,0.918,0.23,1.636,1.0,0.5,0.057
1768819471.52,0.905,0.469,1.603,0.206,0.5,0.057
1768819471.82,0.933,0.157,1.669,0.0,0.5,0.057
1768819472.02,0.986,0.495,1.595,0.005,0.5,0.057
1768819472.32,1.026,0.171,1.635,0.0,0.5,0.057
1768819472.62,0.91,0.089,1.636,0.705,0.5,0.058
1768819472.92,0.998,0.338,1.681,1.0,0.5,0.06
1768819473.12,0.74,0.253,1.68,0.485,0.5,0.061
1768819473.42,0.835,0.242,1.682,0.096,0.5,0.062
1768819473.62,0.951,0.864,1.712,0.0,0.5,0.064
1768819473.92,0.911,0.185,1.738,0.0,0.5,0.064
1768819474.12,0.867,0.274,1.702,0.443,0.5,0.064
1768819474.42,0.825,0.677,1.655,0.464,0.5,0.064
1768819474.62,0.881,0.92,1.618,0.673,0.5,0.064
1768819474.82,0.805,5.2,1.598,1.0,0.5,0.065
1768819475.12,0.671,4.795,1.4,0.005,0.5,0.064
1768819475.42,0.98,2.45,1.318,0.0,0.5,0.062
1768819475.64,0.465,0.203,1.371,0.339,0.5,0.062
1768819475.92,0.784,0.272,1.336,0.192,0.5,0.058
1768819476.22,0.812,3.078,1.302,0.175,0.5,0.056
1768819476.42,0.867,8.791,1.404,0.004,0.5,0.056
1768819476.72,0.759,9.056,1.388,0.066,0.5,0.055
1768819477.02,0.829,9.939,1.432,0.15,0.5,0.055
1768819477.22,0.857,8.941,1.409,1.0,0.5,0.056
1768819477.52,0.8,7.844,1.363,0.083,0.5,0.056
1768819477.72,0.872,9.574,1.41,0.122,0.5,0.055
1768819477.94,0.931,9.503,1.461,0.078,0.5,0.054
1768819478.22,0.8,1.076,1.398,0.757,0.5,0.053
1768819478.52,0.851,0.357,1.449,0.776,0.5,0.055
1768819478.72,0.848,0.292,1.487,0.248,0.5,0.057
1768819478.92,0.954,2.045,1.545,0.0,0.5,0.059
1768819479.12,0.925,0.276,1.585,0.0,0.5,0.062
1768819479.42,0.932,0.273,1.655,0.229,0.5,0.068
1768819479.62,0.853,0.583,1.643,0.16,0.5,0.071
1768819479.92,0.92,0.406,1.657,1.0,0.5,0.075
1768819480.12,0.842,0.452,1.66,0.0,0.5,0.075
1768819480.42,1.655,2.842,1.923,0.373,0.5,0.073
1768819480.62,0.879,0.115,1.769,0.747,0.5,0.073
1768819480.92,0.905,0.265,1.725,0.6,0.5,0.071
1768819481.12,0.916,8.697,1.812,0.614,0.5,0.071
1768819481.42,0.81,5.649,1.858,0.0,0.5,0.072
1768819481.62,0.932,7.776,1.774,1.0,0.5,0.071
1768819481.92,0.903,18.187,1.949,0.0,0.5,0.072
1768819482.12,0.663,0.098,2.039,0.0,0.5,0.069
1768819482.42,1.117,2.499,1.992,0.645,0.5,0.069
1768819482.72,0.76,1.499,1.642,0.851,0.5,0.071
1768819482.92,0.803,5.808,1.674,0.603,0.5,0.074
1768819483.22,0.839,5.063,1.667,0.974,0.5,0.081
1768819483.42,1.497,0.463,1.866,0.0,0.5,0.079
1768819483.65,1.176,10.402,1.614,0.0,0.5,0.073
1768819483.92,0.932,2.283,1.192,0.0,0.5,0.062
1768819484.32,1.168,1.062,1.117,0.661,0.5,0.059
1768819484.62,2.19,0.974,1.841,0.0,0.5,0.053
1768819484.92,1.691,0.458,1.842,0.064,0.5,0.053
1768819485.22,1.584,0.894,1.832,0.494,0.5,0.056
1768819485.52,1.881,0.751,1.754,0.419,0.5,0.057
1768819485.72,1.781,0.59,1.945,0.0,0.5,0.056
1768819486.02,1.671,1.34,1.981,0.0,0.5,0.056
1768819486.22,1.816,1.046,1.874,0.0,0.5,0.055
1768819486.52,1.653,1.489,2.044,1.0,0.5,0.053
1768819490.52,1.023,4.063,1.989,0.357,0.5,0.055
1768819490.82,0.808,2.28,1.614,0.943,0.5,0.061
1768819491.02,0.899,5.995,1.692,0.719,0.5,0.065
1768819491.22,0.901,2.195,1.677,0.532,0.5,0.071
1768819491.44,0.864,0.689,1.673,0.421,0.5,0.073
1768819491.72,0.945,0.965,1.655,0.0,0.5,0.075
1768819491.92,0.9,2.679,1.658,0.582,0.5,0.075
1768819492.12,0.95,4.584,1.647,1.0,0.5,0.076
1768819492.32,1.07,0.608,1.61,0.0,0.5,0.075
1768819492.62,0.978,3.162,1.759,0.0,0.5,0.07
1768819492.82,1.418,3.376,1.62,0.0,0.5,0.064
1768819493.72,1.669,4.154,1.423,1.0,0.5,0.063
1768819494.02,1.119,2.574,1.422,0.157,0.5,0.058
1768819494.22,0.887,6.049,1.582,0.404,0.5,0.055
1768819496.42,1.325,23.398,1.99,0.976,0.5,0.054
1768819496.72,0.651,13.532,1.62,0.839,0.5,0.057
1768819497.02,0.745,13.538,1.8,0.712,0.5,0.06
1768819497.22,0.736,13.321,1.846,0.452,0.5,0.062
1768819497.42,0.598,12.303,1.867,0.341,0.5,0.066
1768819497.72,0.805,12.742,1.798,0.0,0.5,0.071
1768819509.62,0.832,3.123,1.869,0.0,0.5,0.069
1768819509.92,1.041,1.353,1.373,0.0,0.5,0.06
1768819510.12,0.881,2.538,1.251,0.353,0.5,0.053
1768819510.32,0.815,0.349,1.312,0.158,0.5,0.046
1768819511.02,0.888,0.628,1.349,0.0,0.5,0.04
1768819511.32,0.925,0.285,1.617,0.598,0.5,0.053
1768819511.62,0.895,0.752,1.699,0.715,0.5,0.065
1768819511.82,0.946,8.715,1.794,0.553,0.5,0.073
1768819512.02,0.789,10.389,1.87,0.0,0.5,0.078
1768819512.32,0.949,6.928,1.782,0.0,0.5,0.075
1768819512.52,0.968,6.249,1.809,0.136,0.5,0.074
1768819512.72,0.902,7.004,1.791,0.0,0.5,0.073
1768819513.02,1.034,9.308,1.769,1.0,0.5,0.073
1768819513.32,1.104,2.758,1.614,0.768,0.5,0.075
1768819513.53,1.036,10.433,1.756,1.0,0.5,0.076
1768819513.82,0.985,9.266,1.741,0.519,0.5,0.077
1768819516.82,1.533,21.231,1.717,1.0,0.5,0.072
1768819517.12,0.595,13.263,1.748,0.934,0.5,0.073
1768819517.42,0.865,3.826,1.708,0.151,0.5,0.073
1768819517.72,0.94,0.531,1.572,0.0,0.5,0.07
1768819518.02,0.956,6.689,1.67,0.0,0.5,0.067
1768819518.22,0.909,0.164,1.807,1.0,0.5,0.064
1768819518.42,0.938,0.409,1.614,1.0,0.5,0.062
1768819518.72,0.817,0.371,1.63,0.269,0.5,0.064
1768819518.92,0.642,0.15,1.59,0.882,0.5,0.068
1768819519.22,0.758,0.083,1.581,1.0,0.5,0.072
1768819519.52,0.802,4.839,1.679,0.603,0.5,0.075
1768819519.74,0.757,7.975,1.736,0.0,0.5,0.075
1768819520.02,0.633,5.276,1.632,0.0,0.5,0.074
1768819520.32,1.349,13.307,1.547,0.0,0.5,0.068
1768819520.52,1.197,2.114,1.483,0.0,0.5,0.063
1768819520.82,1.072,1.479,1.694,0.161,0.5,0.06
1768819521.72,1.248,0.198,1.677,0.102,0.5,0.057
1768819522.02,2.24,4.514,1.678,0.0,0.5,0.055
1768819522.32,1.572,21.563,1.963,0.0,0.5,0.057
1768819522.52,1.953,10.116,1.921,0.993,0.5,0.056
1768819535.42,1.254,4.481,2.033,1.0,0.5,0.053
1768819536.92,0.581,1.066,1.202,0.763,0.5,0.054
1768819537.22,1.985,12.022,1.44,0.004,0.5,0.055
1768819537.42,1.556,0.646,1.287,0.02,0.5,0.052
1768819537.64,1.549,0.067,1.332,0.127,0.5,0.05
1768819537.92,1.652,0.365,1.348,1.0,0.5,0.051
1768819538.22,1.2,1.349,1.363,1.0,0.5,0.051
1768819538.42,0.89,4.487,1.613,1.0,0.5,0.053
1768819538.62,0.894,5.11,1.658,0.716,0.5,0.056
1768819538.82,0.899,8.339,1.757,0.675,0.5,0.058
1768819539.12,1.021,0.319,1.687,0.066,0.5,0.06
1768819539.32,0.961,0.308,1.699,0.0,0.5,0.06
1768819539.62,0.951,0.152,1.61,0.91,0.5,0.059
1768819539.82,0.731,0.138,1.485,0.997,0.5,0.06
1768819540.02,0.658,0.052,1.506,1.0,0.5,0.063
1768819547.22,1.412,0.35,1.508,0.0,0.5,0.075
1768819547.62,0.809,0.818,3.487,0.0,0.5,0.11
1768819547.82,0.951,0.34,3.059,0.703,0.5,0.114
1768819548.12,0.755,0.17,2.439,0.833,0.5,0.123
1768819548.34,0.64,0.246,2.306,0.816,0.5,0.128
1768819548.62,0.65,0.413,2.23,0.573,0.5,0.1
1768819548.92,0.667,0.405,2.298,0.79,0.5,0.097
1768819549.12,0.532,0.208,2.3,1.0,0.5,0.096
1768819549.32,0.711,0.43,2.128,0.0,0.5,0.093
1768819549.52,0.625,0.273,2.087,1.0,0.5,0.091
1768819550.02,1.445,0.52,1.957,0.0,0.5,0.083
1768819550.32,0.685,0.149,2.129,0.699,0.5,0.078
1768819550.52,0.413,0.224,2.036,0.382,0.5,0.078
1768819550.72,0.581,0.224,1.952,0.303,0.5,0.078
1768819551.02,0.607,0.081,1.952,0.0,0.5,0.08
1768819551.32,0.812,0.102,1.981,0.0,0.5,0.078
1768819551.52,0.932,0.066,1.989,0.0,0.5,0.076
1768819551.82,0.877,0.18,1.936,0.0,0.5,0.074
1768819552.12,0.91,0.052,1.946,0.0,0.5,0.071
1768819552.35,1.213,0.071,2.065,0.0,0.5,0.074
1768819552.62,1.091,0.31,2.291,0.238,0.5,0.078
1768819552.92,1.026,0.455,2.34,0.543,0.5,0.085
1768819553.22,1.097,7.22,2.328,1.0,0.5,0.089
1768819553.42,1.082,0.072,2.242,1.0,0.5,0.09
1768819553.72,0.944,0.135,2.23,1.0,0.5,0.089
1768819554.02,0.521,0.248,2.249,0.939,0.5,0.089
1768819554.22,0.519,0.767,2.255,0.979,0.5,0.087
1768977881.24,1.048,5.629,1.302,0.425,0.5,0.067
1768977881.54,0.982,3.502,1.253,0.802,0.5,0.069
1768977881.74,0.913,5.848,1.285,0.653,0.5,0.068
1768977882.04,0.938,4.117,1.233,0.331,0.5,0.065
1768977882.34,0.923,4.723,1.24,0.0,0.5,0.063
1768977882.64,0.964,0.065,1.149,0.0,0.5,0.061
1768977882.94,1.07,3.145,1.213,0.0,0.5,0.06
1768977883.24,0.97,4.689,1.218,1.0,0.5,0.059
1768977883.54,0.968,2.579,1.195,0.847,0.5,0.061
1768977883.84,0.948,0.183,1.173,0.661,0.5,0.062
1768977884.14,0.901,0.356,1.136,1.0,0.5,0.064
1768977884.34,0.707,2.087,1.109,0.0,0.5,0.064
1768977884.54,0.877,4.45,1.118,0.0,0.5,0.062
1768977884.84,1.041,0.077,1.041,0.0,0.5,0.058
1768977885.04,1.138,3.587,1.127,0.0,0.5,0.055
1768977885.34,1.093,0.19,1.129,0.0,0.5,0.051
1768977885.56,1.142,1.157,1.185,0.608,0.5,0.05
1768977885.84,1.1,2.618,1.176,0.943,0.5,0.051
1768977886.14,1.06,6.211,1.252,1.0,0.5,0.053
1768977886.34,1.054,2.828,1.211,0.667,0.5,0.053
1768977886.64,1.056,0.192,1.051,0.952,0.5,0.054
1768977886.94,1.215,3.713,1.156,0.0,0.5,0.055
1768977887.24,0.431,5.171,1.334,0.988,0.5,0.062
1768977887.54,0.729,3.477,1.267,0.606,0.5,0.074
1768977887.74,0.69,0.362,1.265,0.614,0.5,0.081
1768977888.04,0.9,0.17,1.234,0.0,0.5,0.089
1768977888.24,1.092,3.752,1.218,0.0,0.5,0.088
1768977888.54,1.201,2.649,1.184,0.0,0.5,0.082
1768977888.84,0.974,9.331,1.343,0.98,0.5,0.081
1768977889.14,0.967,6.703,1.418,1.0,0.5,0.086
1768977889.44,0.784,0.637,1.254,0.22,0.5,0.094
1768977889.64,0.863,5.383,1.283,0.0,0.5,0.098
1768977889.94,0.901,0.45,1.274,0.965,0.5,0.094
1768977890.14,0.648,1.095,1.265,0.716,0.5,0.09
1768977890.44,0.745,0.349,1.252,0.748,0.5,0.086
1768977890.64,0.791,4.426,1.29,0.0,0.5,0.084
1768977890.95,0.682,8.194,1.373,0.225,0.5,0.08
1768977891.24,0.801,5.56,1.26,0.144,0.5,0.076
1768977891.44,0.738,7.69,1.275,0.735,0.5,0.069
1768977891.64,0.63,5.165,1.268,1.0,0.5,0.065
1768977891.94,0.768,4.59,1.251,0.332,0.5,0.057
1768977892.14,0.539,8.405,1.32,0.0,0.5,0.056
1768977892.34,0.995,3.361,1.198,0.0,0.5,0.054
1768977892.64,1.113,1.695,1.094,0.0,0.5,0.053
1768977892.94,1.064,0.307,1.098,0.0,0.5,0.046
1768977893.24,1.21,2.49,1.078,0.0,0.5,0.038
1768977893.54,1.212,3.09,1.078,0.215,0.5,0.035
1768977893.74,1.122,0.237,1.106,1.0,0.5,0.038
1768977894.04,1.033,3.429,1.283,1.0,0.5,0.048
1768977894.24,1.029,3.536,1.287,0.787,0.5,0.055
1768977894.44,1.009,5.689,1.319,0.701,0.5,0.061
1768977894.74,0.864,0.147,1.173,0.707,0.5,0.067
1768977895.04,0.9,0.009,1.167,0.134,0.5,0.067
1768977895.34,0.953,0.452,1.152,1.0,0.5,0.065
1768977968.66,1.125,0.942,0.975,0.634,0.5,0.03
1768977968.96,1.308,1.664,1.041,0.796,0.5,0.029
1768977969.26,1.256,0.911,0.963,0.351,0.5,0.031
1768977969.57,1.267,4.082,1.075,0.0,0.5,0.033
1768977969.77,1.366,2.524,1.042,0.074,0.5,0.034
1768977970.07,1.302,1.798,1.027,0.935,0.5,0.035
1768977970.37,1.299,0.019,0.967,1.0,0.5,0.037
1768977970.67,0.917,2.129,1.173,0.824,0.5,0.041
1768977970.88,0.989,0.172,1.006,0.31,0.5,0.044
1768977971.17,1.194,2.169,1.094,0.0,0.5,0.047
1768977971.38,1.231,0.107,0.991,0.0,0.5,0.048
1768977971.67,1.154,0.034,0.963,0.0,0.5,0.047
1768977971.88,1.173,0.023,0.949,0.374,0.5,0.047
1768977972.16,1.173,0.548,0.973,0.946,0.5,0.047
1768977972.37,1.238,1.009,1.005,0.225,0.5,0.047
1768977972.58,1.248,0.721,0.981,0.09,0.5,0.048
1768977972.86,1.229,0.048,0.942,1.0,0.5,0.047
1768977973.07,1.227,1.368,1.01,1.0,0.5,0.046
1768977973.37,1.229,0.099,0.989,0.0,0.5,0.041
1768977973.67,1.262,1.962,1.049,0.221,0.5,0.037
1768977973.96,1.215,0.411,0.966,0.188,0.5,0.034
1768977974.26,1.29,0.199,0.955,0.0,0.5,0.035
1768977974.56,1.243,0.694,0.991,0.561,0.5,0.037
1768977974.76,1.291,1.537,1.023,0.706,0.5,0.038
1768977974.96,1.244,0.374,0.963,0.931,0.5,0.04
1768977975.26,1.213,0.62,0.976,1.0,0.5,0.041
1768977975.47,1.192,1.159,1.034,0.927,0.5,0.042
1768977975.67,1.125,1.997,1.092,1.0,0.5,0.044
1768977975.97,1.151,0.134,0.982,0.224,0.5,0.046
1768977976.17,1.183,1.665,1.058,0.0,0.5,0.047
1768977976.46,1.131,0.011,0.961,0.216,0.5,0.046
1768977976.66,1.157,0.72,1.001,0.0,0.5,0.046
1768977976.86,1.203,0.48,0.982,0.0,0.5,0.046
1768977977.07,1.29,0.768,1.014,0.0,0.5,0.045
1768977977.37,1.202,1.458,1.056,0.699,0.5,0.044
1768977977.67,1.14,0.035,0.998,0.0,0.5,0.041
1768977977.96,1.243,1.907,1.035,0.0,0.5,0.038
1768977978.17,1.206,0.342,0.966,0.0,0.5,0.037
1768977978.46,1.215,0.053,0.936,0.0,0.5,0.036
1768977978.67,0.278,1.738,1.041,0.642,0.5,0.038
1768977978.97,1.296,0.738,0.899,0.165,0.5,0.04
1768977979.26,0.978,0.3,0.968,0.506,0.5,0.041
1768977979.46,1.025,1.569,1.066,0.446,0.5,0.042
1768977979.76,1.004,1.017,1.038,0.609,0.5,0.043
1768977980.07,0.703,0.779,0.974,0.512,0.5,0.044
1768977980.36,0.683,0.778,1.0,0.452,0.5,0.044
1768977980.56,0.869,0.606,0.972,0.0,0.5,0.044
1768977980.77,1.019,0.029,0.953,0.0,0.5,0.044
1768977981.07,1.079,0.097,0.801,0.027,0.5,0.045
1768977981.27,1.032,0.307,0.819,0.679,0.5,0.045
1768977981.47,1.02,0.077,0.774,1.0,0.5,0.045
1768977981.67,0.633,0.082,0.823,0.88,0.5,0.045
1768977981.88,0.747,0.071,0.946,0.307,0.5,0.045
1768977982.16,0.856,0.044,0.994,0.0,0.5,0.043
1768977982.38,1.056,0.033,0.968,0.0,0.5,0.043
1768977982.66,1.128,0.032,0.963,0.315,0.5,0.041
1768977982.86,0.955,0.031,0.948,0.584,0.5,0.04
1768981512.22,0.936,0.63,1.077,1.0,0.5,0.079
1768981512.52,1.064,0.493,0.955,0.0,0.5,0.078
1768981512.72,1.441,0.292,0.937,0.0,0.5,0.078
1768981513.02,1.186,0.354,0.978,0.212,0.5,0.075
1768981513.42,1.431,4.021,0.904,0.0,0.5,0.072
1768981513.64,0.835,0.819,0.748,0.517,0.5,0.063
1768981513.92,1.344,1.606,0.635,0.083,0.5,0.059
1768981514.22,1.544,0.019,1.069,0.183,0.5,0.063
1768981514.52,1.483,0.156,1.064,0.0,0.5,0.07
1768981514.82,1.38,0.238,1.064,0.213,0.5,0.077
1768981515.02,1.329,0.169,1.063,0.696,0.5,0.077
1768981515.32,1.342,0.332,1.07,1.0,0.5,0.077
1768981515.62,1.233,0.514,1.082,0.251,0.5,0.078
1768981515.82,1.284,0.225,1.082,0.613,0.5,0.08
1768981516.12,1.227,0.178,1.105,0.184,0.5,0.083
1768981516.42,1.301,0.104,1.086,0.0,0.5,0.085
1768981516.72,1.299,0.136,1.075,0.0,0.5,0.087
1768981516.92,1.397,0.021,1.09,0.318,0.5,0.088
1768981517.14,1.314,0.33,1.101,0.0,0.5,0.088
1768981517.42,1.401,0.148,1.103,1.0,0.5,0.088
1768981517.62,1.402,0.34,1.084,0.654,0.5,0.087
1768981517.94,1.426,0.286,0.87,0.0,0.5,0.081
1768981518.22,1.483,0.195,0.925,0.0,0.5,0.075
1768981518.42,1.47,0.352,0.947,0.349,0.5,0.072
1768981518.72,1.431,0.345,0.956,0.661,0.5,0.068
1768981518.92,1.569,0.426,0.996,0.796,0.5,0.069
1768981519.22,1.526,0.232,0.999,1.0,0.5,0.068
1768981519.43,1.111,0.264,1.019,0.893,0.5,0.065
1768981519.72,1.153,0.168,1.011,0.671,0.5,0.059
1768981519.92,1.116,0.124,1.002,0.541,0.5,0.056
1768981520.22,1.134,0.08,0.986,0.965,0.5,0.051
1768981520.52,1.199,0.043,0.985,0.329,0.5,0.05
1768981520.72,1.177,0.16,1.001,0.0,0.5,0.05
1768981521.02,1.253,0.022,1.007,0.102,0.5,0.05
1768981521.32,1.209,0.055,0.991,0.229,0.5,0.05
1768981521.62,1.2,0.112,1.015,0.223,0.5,0.05
1768981521.82,1.24,0.077,1.008,0.0,0.5,0.051
1768981522.12,1.225,0.163,1.013,0.402,0.5,0.051
1768981522.32,1.272,0.217,1.009,0.07,0.5,0.051
1768981522.62,1.249,0.048,0.997,1.0,0.5,0.052
1768981522.82,1.223,0.134,1.024,0.0,0.5,0.052
1768981523.02,1.208,0.12,1.015,1.0,0.5,0.054
1768981523.32,0.846,0.788,1.141,0.842,0.5,0.062
1768981523.62,0.92,0.57,1.099,0.689,0.5,0.067
1768981523.82,0.923,0.23,1.126,0.149,0.5,0.07
1768981524.12,1.008,0.377,1.093,0.0,0.5,0.07
1768981524.42,0.927,0.351,1.073,0.478,0.5,0.067
1768981524.72,0.977,0.302,1.069,0.551,0.5,0.065
1768981524.92,0.978,0.466,1.072,0.65,0.5,0.065
1768981525.12,0.991,0.223,1.072,1.0,0.5,0.065
1768981525.32,1.035,0.372,1.071,0.576,0.5,0.065
1768981525.52,1.017,0.406,1.079,0.0,0.5,0.065
1768981525.82,1.172,0.448,1.046,0.0,0.5,0.064
1768981526.12,1.216,0.267,0.923,0.0,0.5,0.059
1768981526.42,1.278,0.061,0.901,0.0,0.5,0.056
1768981526.62,1.293,0.449,0.908,0.0,0.5,0.054
1768981526.92,1.303,0.466,0.911,0.253,0.5,0.053
1768981527.12,1.258,0.275,0.953,0.272,0.5,0.054
1768981527.42,1.081,0.34,1.119,1.0,0.5,0.061
1768981527.62,0.305,11.311,1.202,0.617,0.5,0.067
1768981527.82,0.917,2.304,1.116,0.466,0.5,0.073
1768981528.02,0.851,2.524,1.123,0.818,0.5,0.08
1768981528.32,0.887,0.606,1.122,0.0,0.5,0.088
1768981528.52,0.955,0.562,1.131,0.0,0.5,0.09
1768981528.72,1.171,1.086,1.128,0.0,0.5,0.092
1768981529.02,1.234,1.295,1.108,0.0,0.5,0.09
1768981529.22,1.211,0.923,1.113,0.64,0.5,0.089
1768981529.52,0.795,0.542,1.105,0.123,0.5,0.086
1768981529.72,1.223,0.449,1.034,0.0,0.5,0.082
1768981529.92,1.179,0.408,1.06,0.0,0.5,0.078
1768981530.22,1.317,0.227,1.034,0.033,0.5,0.073
1768981530.42,1.242,0.346,1.041,0.0,0.5,0.071
1768981530.72,1.16,0.366,1.019,0.659,0.5,0.07
1768981531.02,1.229,0.785,1.077,1.0,0.5,0.072
1768981531.22,1.177,18.306,1.183,1.0,0.5,0.073
1768981531.52,1.076,11.48,1.154,0.734,0.5,0.075
1768981531.72,1.096,12.653,1.16,0.818,0.5,0.077
1768981531.92,1.061,11.53,1.175,0.0,0.5,0.076
1768981532.22,1.353,9.07,1.124,0.0,0.5,0.074
1768981532.42,1.393,9.914,1.116,0.0,0.5,0.073
1768981532.62,1.365,7.813,1.104,0.0,0.5,0.071
1768981532.92,1.38,9.38,1.125,0.27,0.5,0.069
1768981533.12,1.354,7.204,1.182,0.751,0.5,0.069
1768981533.32,1.327,0.248,1.063,0.654,0.5,0.069
1768981533.52,1.244,13.866,1.196,1.0,0.5,0.069
1768981533.82,1.204,11.304,1.133,0.871,0.5,0.07
1768981534.02,1.001,12.939,1.144,1.0,0.5,0.072
1768981534.32,0.337,13.789,1.21,0.295,0.5,0.073
1768981534.62,1.19,14.392,1.152,0.0,0.5,0.067
1768981534.82,1.092,5.56,1.096,0.0,0.5,0.062
1768981535.12,1.181,7.789,1.075,0.0,0.5,0.051
1768981535.32,1.339,9.869,1.004,0.0,0.5,0.047
1768981535.52,1.254,6.895,0.925,0.0,0.5,0.045
1768981535.82,1.285,8.264,0.948,0.129,0.5,0.045
1768981536.12,1.388,5.501,0.996,0.0,0.5,0.044
1768981536.42,1.289,0.139,1.1,1.0,0.5,0.047
1768981536.72,0.95,0.191,1.131,1.0,0.5,0.054
1768981537.02,1.017,0.618,1.106,0.61,0.5,0.063
1768981537.22,0.984,0.619,1.103,0.793,0.5,0.069
1768981537.52,0.972,2.534,1.135,0.0,0.5,0.076
1768981537.72,0.881,0.268,1.134,0.0,0.5,0.08
1768981538.02,0.967,2.339,1.15,0.654,0.5,0.083
1768981538.32,0.969,1.524,1.117,0.509,0.5,0.083
1768981538.62,0.858,10.178,1.128,0.057,0.5,0.082
1768981538.92,0.914,9.4,1.184,0.164,0.5,0.081
1768981539.12,0.929,11.194,1.145,0.0,0.5,0.082
1768981539.42,1.008,14.899,1.183,0.0,0.5,0.079
1768981539.72,1.037,1.664,1.155,0.31,0.5,0.077
1768981540.02,1.023,7.048,1.159,0.471,0.5,0.076
1768981540.22,1.119,3.652,1.141,0.0,0.5,0.076
1768981540.52,1.464,1.257,1.146,0.0,0.5,0.08
1768981540.72,1.389,1.063,1.14,0.0,0.5,0.083
1768981541.02,1.396,1.716,1.133,0.055,0.5,0.086
1768981541.22,1.407,2.662,1.134,0.0,0.5,0.089
1768981541.52,1.57,4.544,1.035,0.0,0.5,0.091
1768981541.72,1.559,3.352,0.995,0.0,0.5,0.092
1768981542.02,1.634,6.844,1.042,0.565,0.5,0.093
1768981542.22,1.49,3.55,1.01,1.0,0.5,0.09
1768981542.52,1.24,0.916,1.069,0.974,0.5,0.081
1768981542.72,1.308,0.304,1.134,1.0,0.5,0.076
1768981543.02,1.15,3.178,1.154,1.0,0.5,0.07
1768981543.22,0.992,0.286,1.136,0.964,0.5,0.069
1768981543.52,1.071,28.182,1.321,0.418,0.5,0.071
1768981543.83,1.081,8.119,1.142,0.02,0.5,0.072
1768981544.12,1.01,0.856,1.104,0.452,0.5,0.072
1768981544.32,0.966,0.076,1.096,1.0,0.5,0.072
1768981544.62,1.055,0.665,1.126,0.453,0.5,0.071
1768981544.82,1.022,0.296,1.123,0.267,0.5,0.071
1768981545.12,1.025,0.769,1.108,0.0,0.5,0.07
1768981545.42,1.152,1.44,1.125,0.027,0.5,0.069
1768981545.62,1.08,0.447,1.115,0.104,0.5,0.069
1768981545.92,1.083,0.345,1.117,0.895,0.5,0.069
1768981546.22,1.012,0.768,1.126,1.0,0.5,0.069
1768981546.52,1.038,53.446,1.415,0.604,0.5,0.069
1768981546.72,1.113,60.548,1.441,0.833,0.5,0.07
1768981547.02,1.071,59.361,1.422,0.0,0.5,0.07
1768981547.23,1.127,58.024,1.427,0.432,0.5,0.071
1768981547.52,1.132,46.117,1.351,0.0,0.5,0.07
1768981547.72,1.221,19.42,1.247,0.0,0.5,0.07
1768981548.02,1.151,4.122,1.165,0.154,0.5,0.069
1768981548.22,1.162,3.066,1.128,0.0,0.5,0.068
1768981548.42,1.127,6.168,1.162,1.0,0.5,0.069
1768981548.72,1.024,35.149,1.294,0.778,0.5,0.07
1768981549.02,1.01,0.316,1.059,1.0,0.5,0.071
1768981549.32,1.049,0.261,1.061,0.576,0.5,0.071
1768981549.62,1.045,0.11,1.043,1.0,0.5,0.069
1768981549.92,1.04,0.19,1.044,0.0,0.5,0.068
1768981550.12,1.163,0.185,1.059,0.0,0.5,0.068
1768981550.32,1.199,0.18,1.032,0.0,0.5,0.068
1768981550.62,1.167,0.302,1.032,0.0,0.5,0.069
1768981550.82,1.208,0.198,1.049,0.621,0.5,0.068
1768981551.12,1.2,0.137,1.041,1.0,0.5,0.068
1768981551.32,1.273,0.128,1.06,1.0,0.5,0.067
1768981551.62,1.312,0.164,1.06,1.0,0.5,0.066
1768981551.92,1.12,0.263,1.041,0.345,0.5,0.067
1768981552.12,1.127,0.358,1.078,0.629,0.5,0.068
1768981552.42,1.118,0.184,1.059,0.643,0.5,0.069
1768981552.72,1.128,0.032,1.048,0.32,0.5,0.069
1768981553.02,1.192,0.13,1.076,1.0,0.5,0.069
1768981553.32,0.904,0.572,1.126,1.0,0.5,0.073
1768981553.52,0.9,0.594,1.127,0.462,0.5,0.073
1768981553.82,1.043,0.592,1.097,0.0,0.5,0.074
1768981554.12,1.121,0.541,0.991,0.0,0.5,0.073
1768981554.42,1.172,0.262,0.967,0.0,0.5,0.065
1768981554.62,1.343,0.132,1.01,0.181,0.5,0.064
1768981554.92,1.229,0.353,1.018,0.276,0.5,0.06
1768981555.17,1.234,0.219,1.023,1.0,0.5,0.059
1768981555.42,1.13,0.167,1.056,0.0,0.5,0.062
1768981555.62,1.109,0.358,1.028,0.0,0.5,0.062
1768981555.92,1.139,0.192,1.036,0.398,0.5,0.063
1768981556.12,1.205,0.339,1.048,0.484,0.5,0.064
1768981556.42,1.2,0.261,1.044,0.619,0.5,0.065
1768981556.72,1.176,0.191,1.049,1.0,0.5,0.066
1768981556.92,1.164,0.217,1.039,0.574,0.5,0.066
1768981557.12,1.116,0.154,1.041,0.191,0.5,0.065
1768981557.32,1.072,0.189,1.012,0.35,0.5,0.065
1768981557.62,1.098,1.231,1.046,0.0,0.5,0.064
1768981557.92,1.025,0.107,1.016,0.709,0.5,0.063
1768981558.12,0.988,0.173,1.034,0.448,0.5,0.064
1768981558.42,1.043,1.12,1.069,0.0,0.5,0.063
1768981558.62,1.075,1.508,1.06,1.0,0.5,0.063
1768981558.92,1.137,10.724,1.124,0.0,0.5,0.062
1768981559.22,1.096,0.945,1.105,0.164,0.5,0.062
1768981559.52,0.986,13.5,1.181,0.514,0.5,0.062
1768981559.82,1.087,10.382,1.121,0.664,0.5,0.062
1768981560.02,1.12,3.031,1.082,0.051,0.5,0.062
1768981560.22,1.082,22.192,1.261,0.0,0.5,0.062
1768981560.52,1.148,4.931,1.071,0.53,0.5,0.062
1768981560.72,1.167,5.18,1.166,0.481,0.5,0.061
1768981561.02,1.121,22.666,1.214,0.0,0.5,0.061
1768981561.32,1.048,11.362,1.129,0.756,0.5,0.061
1768981561.62,1.099,13.002,1.126,0.258,0.5,0.061
1768981561.92,1.1,18.113,1.126,0.081,0.5,0.061
1768981562.22,1.144,18.136,1.131,0.0,0.5,0.061
1768981562.52,1.12,6.798,1.11,0.912,0.5,0.061
1768981562.72,1.042,19.391,1.163,0.239,0.5,0.061
1768981562.93,1.135,2.876,1.047,0.0,0.5,0.061
1768981563.22,1.123,15.737,1.134,0.0,0.5,0.06
1768981563.42,1.282,9.879,1.094,0.0,0.5,0.059
1768981563.62,1.192,8.44,1.095,0.0,0.5,0.056
1768981563.92,1.225,5.454,1.055,0.0,0.5,0.054
1768981564.22,1.17,13.384,1.095,0.633,0.5,0.053
1768981564.52,1.142,4.779,1.021,1.0,0.5,0.054
1768981564.82,1.153,14.291,1.1,0.83,0.5,0.055
1768981565.12,1.184,13.824,1.087,0.528,0.5,0.056
1768981565.42,1.251,13.55,1.091,0.128,0.5,0.057
1768981565.62,1.165,13.437,1.085,1.0,0.5,0.058
1768981565.92,1.196,13.43,1.152,0.0,0.5,0.057
1768981566.22,1.175,15.75,1.159,0.044,0.5,0.057
1768981566.52,1.07,10.878,1.161,1.0,0.5,0.058
1768981566.72,1.033,11.502,1.14,0.403,0.5,0.06
1768981567.02,1.113,10.884,1.135,0.016,0.5,0.063
1768981567.22,1.248,8.546,1.109,0.036,0.5,0.065
1768981567.52,1.257,12.001,1.111,0.0,0.5,0.067
1768981567.72,1.313,12.009,1.135,0.382,0.5,0.067
1768981567.92,1.185,11.75,1.121,0.373,0.5,0.066
1768981568.22,1.172,11.257,1.121,0.776,0.5,0.066
1768981568.42,1.205,8.421,1.093,0.489,0.5,0.066
1768981568.62,1.239,11.766,1.122,0.399,0.5,0.065
1768981568.82,1.189,13.119,1.134,0.0,0.5,0.065
1768981569.12,1.229,13.565,1.144,0.0,0.5,0.065
1768981569.42,1.184,12.611,1.13,0.0,0.5,0.065
1768981569.72,1.126,2.886,1.124,1.0,0.5,0.068
1768981569.92,1.01,0.581,1.135,0.86,0.5,0.07
1768981570.22,0.905,0.765,1.128,1.0,0.5,0.075
1768981570.52,0.723,0.51,1.158,1.0,0.5,0.078
1768981570.72,0.549,0.772,1.159,1.0,0.5,0.08
1768981571.02,0.333,0.872,1.162,0.748,0.5,0.082
1768981571.22,0.756,0.499,1.169,0.623,0.5,0.084
1768981571.42,0.64,0.464,1.174,0.0,0.5,0.086
1768981571.72,0.677,0.754,1.188,0.513,0.5,0.087
1768981571.92,0.871,0.423,1.141,0.0,0.5,0.087
1768981572.22,0.995,0.765,1.171,0.0,0.5,0.087
1768981572.52,1.138,4.477,1.172,0.065,0.5,0.084
1768981572.72,1.007,0.369,1.098,0.0,0.5,0.083
1768981573.02,1.009,0.324,1.044,0.46,0.5,0.083
1768981573.22,1.088,0.52,1.038,0.0,0.5,0.082
1768981573.52,1.142,0.592,1.054,0.0,0.5,0.082
1768981573.72,1.128,0.487,1.044,1.0,0.5,0.082
1768981574.02,1.0,0.545,1.076,0.734,0.5,0.082
1768981574.32,1.007,0.603,1.09,0.389,0.5,0.083
1768981574.52,1.109,0.553,1.085,0.0,0.5,0.083
1768981574.82,1.111,0.495,1.084,0.0,0.5,0.083
1768981575.02,1.044,0.372,1.095,0.0,0.5,0.083
1768981575.32,1.052,7.883,1.185,1.0,0.5,0.083
1768981575.52,1.084,8.903,1.203,1.0,0.5,0.083
1768981575.82,0.815,16.411,1.241,1.0,0.5,0.083
1768981576.02,0.741,11.148,1.213,0.0,0.5,0.082
1768981576.22,1.081,11.392,1.188,0.0,0.5,0.079
1768981576.52,0.92,1.034,1.157,0.0,0.5,0.074
1768981576.72,0.867,0.589,1.11,0.0,0.5,0.071
1768981577.02,0.787,0.68,1.136,1.0,0.5,0.068
1768981577.22,0.941,0.447,1.114,0.0,0.5,0.067
1768981577.42,1.073,0.258,1.128,0.411,0.5,0.068
1768981577.72,0.974,0.312,1.119,0.0,0.5,0.069
1768981578.02,0.957,0.539,1.094,1.0,0.5,0.07
1768981578.22,0.375,1.268,1.081,0.766,0.5,0.071
1768981578.52,0.238,0.841,1.011,0.891,0.5,0.076
1768981578.72,0.799,0.336,0.919,0.227,0.5,0.078
1768981579.02,0.689,15.17,0.951,0.0,0.5,0.08
1768981579.22,0.631,11.328,0.956,0.346,0.5,0.08
1768981579.52,0.749,12.022,0.934,0.411,0.5,0.076
1768981579.75,0.788,12.132,0.981,0.586,0.5,0.074
1768981580.02,0.847,13.945,0.99,0.0,0.5,0.072
1768981580.32,0.724,7.183,0.972,0.0,0.5,0.073
1768981580.52,0.919,15.264,1.033,0.0,0.5,0.074
1768981580.82,0.686,4.199,1.006,0.629,0.5,0.075
1768981581.12,0.732,14.213,1.009,0.342,0.5,0.076
1768981581.42,0.737,18.003,1.033,0.467,0.5,0.075
1768981581.62,1.08,15.191,1.067,0.0,0.5,0.074
1768981581.82,1.021,14.544,1.088,0.0,0.5,0.073
1768981582.13,1.096,13.58,1.102,0.0,0.5,0.073
1768981582.33,1.051,11.864,1.107,0.158,0.5,0.073
1768981582.63,0.975,13.123,1.113,0.576,0.5,0.073
1768981582.83,0.97,12.319,1.099,0.155,0.5,0.073
1768981583.13,0.91,13.048,1.131,0.824,0.5,0.073
1768981583.43,0.861,13.501,1.123,0.712,0.5,0.073
1768981583.64,1.037,13.871,1.128,0.0,0.5,0.073
1768981583.93,0.957,11.812,1.122,0.0,0.5,0.073
1768981584.14,1.082,11.439,1.136,0.0,0.5,0.074
1768981584.43,0.844,11.106,1.106,0.511,0.5,0.074
1768981584.73,1.054,0.826,1.045,0.0,0.5,0.074
1768981585.03,1.026,0.86,1.033,0.12,0.5,0.075
1768981585.23,0.985,0.89,1.015,0.065,0.5,0.075
1768981585.53,1.051,2.324,1.073,0.67,0.5,0.076
1768981585.83,1.17,2.439,0.994,0.284,0.5,0.073
1768981586.03,1.109,4.756,0.983,0.642,0.5,0.072
1768981586.23,1.061,3.922,0.976,0.0,0.5,0.071
1768981586.44,1.098,3.902,1.004,0.065,0.5,0.07
1768981586.73,1.049,1.247,1.019,1.0,0.5,0.069
1768981586.93,0.989,0.613,1.002,0.98,0.5,0.07
1768981587.13,1.051,0.87,1.018,0.218,0.5,0.07
1768981587.43,1.064,0.746,1.006,0.0,0.5,0.071
1768981587.73,1.142,1.351,1.007,0.0,0.5,0.071
1768981587.95,1.136,3.367,1.022,0.0,0.5,0.071
1768981588.23,1.008,4.989,1.026,0.331,0.5,0.072
1768981588.53,1.012,0.881,1.029,0.293,0.5,0.072
1768981588.83,0.982,3.799,1.046,0.846,0.5,0.072
1768981589.03,0.964,1.401,1.052,0.574,0.5,0.073
1768981589.23,0.962,0.645,1.038,0.0,0.5,0.073
1768981589.53,1.104,7.916,1.1,0.162,0.5,0.072
1768981589.73,1.01,12.615,0.912,0.0,0.5,0.069
1768981590.03,0.929,0.79,1.019,0.758,0.5,0.067
1768981590.23,0.968,0.122,0.989,0.827,0.5,0.067
1768981590.53,1.044,0.47,0.973,0.383,0.5,0.067
1768981590.83,0.935,0.478,0.973,0.959,0.5,0.07
1768981591.03,1.276,0.562,0.959,0.0,0.5,0.069
1768981591.23,1.062,3.08,0.986,0.0,0.5,0.066
1768981591.43,1.066,4.651,1.034,0.0,0.5,0.064
1768981591.63,0.915,5.577,1.04,0.842,0.5,0.064
1768981591.93,0.992,10.218,1.05,0.532,0.5,0.063
1768981592.23,1.074,9.275,1.058,0.164,0.5,0.065
1768981592.43,1.087,13.202,1.022,0.0,0.5,0.066
1768981592.73,1.148,14.226,0.994,0.0,0.5,0.066
1768981593.03,0.911,13.396,0.95,0.609,0.5,0.065
1768981593.33,1.119,8.952,0.956,0.044,0.5,0.064
1768981593.53,1.155,10.929,0.906,0.493,0.5,0.063
1768981593.83,1.083,12.552,0.938,0.035,0.5,0.064
1768981594.03,1.15,12.415,0.939,0.0,0.5,0.064
1768981594.23,1.144,11.874,0.944,0.436,0.5,0.065
1768981594.53,1.096,15.732,0.947,1.0,0.5,0.065
1768981594.73,1.132,16.603,0.941,0.0,0.5,0.065
1768981594.93,1.149,14.087,0.951,0.0,0.5,0.065
1768981595.23,1.132,17.422,0.997,1.0,0.5,0.064
1768981595.53,0.906,12.948,1.001,0.911,0.5,0.065
1768981595.73,1.013,10.597,1.018,0.163,0.5,0.065
1768981595.93,1.139,11.487,1.009,0.0,0.5,0.065
1768981596.25,1.114,11.861,1.012,0.0,0.5,0.065
1768981596.53,1.083,13.828,1.016,0.0,0.5,0.065
1768981596.73,1.101,13.659,1.017,0.05,0.5,0.064
1768981596.93,1.046,15.225,0.997,1.0,0.5,0.065
1768981597.23,1.096,0.624,1.019,0.06,0.5,0.064
1768981597.43,1.127,0.252,0.992,0.729,0.5,0.064
1768981597.73,1.013,0.482,0.958,1.0,0.5,0.064
1768981598.03,1.042,0.515,0.944,0.264,0.5,0.064
1768981598.33,1.022,0.615,1.02,1.0,0.5,0.068
1768981598.53,1.028,1.205,1.002,0.333,0.5,0.072
1768981598.83,0.607,0.353,1.036,1.0,0.5,0.074
1768981599.13,1.191,0.168,1.079,0.131,0.5,0.075
1768981599.33,1.189,9.439,1.086,0.0,0.5,0.074
1768981599.53,1.22,13.399,1.125,0.0,0.5,0.072
1768981599.83,1.145,3.505,1.073,0.0,0.5,0.071
1768981600.03,1.217,3.27,1.061,0.076,0.5,0.071
1768981600.33,1.178,1.354,1.061,0.127,0.5,0.07
1768981600.63,1.04,7.258,1.033,1.0,0.5,0.069
1768981600.84,1.062,13.481,1.067,1.0,0.5,0.069
1768981601.13,0.95,12.409,1.043,0.51,0.5,0.066
1768981601.33,0.988,5.067,0.982,0.622,0.5,0.065
1768981601.63,1.053,6.885,1.024,0.0,0.5,0.063
1768981601.83,1.096,0.696,0.984,0.0,0.5,0.063
1768981602.13,0.988,12.366,1.025,0.008,0.5,0.063
1768981602.43,1.026,14.223,1.011,0.0,0.5,0.062
1768981602.73,1.047,11.996,0.988,0.0,0.5,0.06
1768981603.03,1.036,12.192,1.004,0.578,0.5,0.06
1768981603.23,1.046,14.876,1.008,0.0,0.5,0.06
1768981603.53,1.126,12.33,0.999,0.0,0.5,0.061
1768981603.73,1.128,0.316,0.957,0.59,0.5,0.061
1768981603.93,1.076,0.282,0.955,0.0,0.5,0.062
1768981604.23,1.079,1.14,1.02,1.0,0.5,0.064
1768981604.54,0.91,0.537,1.02,0.767,0.5,0.065
1768981604.83,0.964,0.079,0.996,0.947,0.5,0.066
1768981605.03,0.949,13.964,1.073,0.255,0.5,0.065
1768981605.33,0.899,2.049,1.022,1.0,0.5,0.065
1768981605.53,1.001,11.997,1.104,0.0,0.5,0.065
1768981605.73,0.968,2.397,1.016,0.162,0.5,0.065
1768981606.03,0.984,4.229,1.036,0.0,0.5,0.065
1768981606.33,0.989,9.04,1.08,0.0,0.5,0.066
1768981606.53,0.954,0.343,1.02,0.896,0.5,0.067
1768981606.73,0.94,12.969,1.08,1.0,0.5,0.068
1768981607.03,0.962,1.497,1.036,1.0,0.5,0.069
1768981607.23,0.825,5.238,1.11,1.0,0.5,0.07
1768981607.43,0.696,0.574,1.079,0.772,0.5,0.071
1768981607.73,0.805,0.977,1.075,0.0,0.5,0.073
1768981608.03,0.898,15.714,1.119,1.0,0.5,0.074
1768981608.33,0.749,1.096,1.053,0.0,0.5,0.074
1768981608.63,1.112,10.809,0.997,0.0,0.5,0.07
1768981608.83,1.119,2.178,0.986,0.0,0.5,0.067
1768981609.13,1.067,9.365,1.038,0.306,0.5,0.063
1768981609.33,1.111,2.722,1.022,0.634,0.5,0.062
1768981609.53,1.113,16.443,1.075,0.739,0.5,0.063
1768981609.85,1.214,6.674,1.022,0.0,0.5,0.065
1768981610.13,1.067,0.891,1.024,1.0,0.5,0.066
1768981610.33,1.027,2.008,1.066,0.967,0.5,0.067
1768981610.63,1.117,4.601,1.082,0.802,0.5,0.068
1768981610.83,1.101,5.733,1.093,0.234,0.5,0.07
1768981611.13,1.177,18.028,1.141,0.341,0.5,0.072
1768981611.33,1.127,22.009,1.167,0.022,0.5,0.073
1768981611.53,0.695,24.92,1.182,1.0,0.5,0.074
1768981611.73,0.934,8.702,1.115,0.61,0.5,0.074
1768981612.05,0.472,2.558,1.092,0.523,0.5,0.073
1768981612.34,0.596,2.129,1.134,0.049,0.5,0.073
1768981612.63,0.449,4.71,1.163,0.62,0.5,0.073
1768981612.83,1.059,13.266,1.229,0.0,0.5,0.072
1768981613.13,1.092,20.687,1.246,0.0,0.5,0.075
1768981613.33,1.196,16.248,1.209,0.058,0.5,0.074
1768981613.63,0.709,28.215,1.187,0.686,0.5,0.074
1768981613.83,0.836,26.862,1.216,0.42,0.5,0.074
1768981614.13,0.664,26.085,1.224,0.0,0.5,0.071
1768981614.43,0.702,3.796,1.09,0.631,0.5,0.07
1768981614.63,0.726,7.745,1.108,1.0,0.5,0.071
1768981614.83,0.604,5.945,1.106,1.0,0.5,0.074
1768981615.13,0.829,11.34,1.114,0.64,0.5,0.079
1768981615.43,0.923,4.363,1.038,0.0,0.5,0.081
1768981615.63,1.103,14.969,1.016,0.0,0.5,0.077
1768981615.93,1.302,13.172,1.033,0.0,0.5,0.069
1768981616.23,1.179,13.797,1.02,0.065,0.5,0.061
1768981616.43,1.186,14.111,1.012,0.0,0.5,0.058
1768981616.73,1.229,10.428,1.034,0.232,0.5,0.058
1768981616.93,1.25,0.211,0.97,0.479,0.5,0.058
1768981617.23,1.204,2.943,1.033,1.0,0.5,0.06
1768981617.43,0.387,7.249,1.121,1.0,0.5,0.064
1768981617.73,1.049,12.638,1.151,0.39,0.5,0.071
1768981618.03,1.072,1.912,1.086,0.045,0.5,0.079
1768981618.23,1.141,5.169,1.112,0.0,0.5,0.083
1768981618.43,1.04,8.762,1.146,0.0,0.5,0.085
1768981618.63,0.994,6.935,1.11,1.0,0.5,0.085
1768981618.93,1.036,1.375,1.067,0.307,0.5,0.085
1768981619.23,1.065,10.909,1.081,0.0,0.5,0.086
1768981619.43,1.058,6.331,1.052,0.0,0.5,0.086
1768981619.73,0.999,5.674,1.066,0.332,0.5,0.086
1768981619.94,1.063,1.728,1.035,0.0,0.5,0.086
1768981620.23,1.038,8.444,1.054,0.0,0.5,0.084
1768981620.43,0.939,17.565,1.145,0.0,0.5,0.083
1768981620.73,1.001,19.382,1.141,0.0,0.5,0.082
1768981620.93,0.946,3.696,1.095,0.325,0.5,0.081
1768981621.23,0.983,6.931,1.094,0.438,0.5,0.08
1768981621.43,0.876,5.578,1.1,0.172,0.5,0.08
1768981621.73,1.048,16.74,1.132,0.03,0.5,0.079
1768981621.93,1.038,14.057,1.097,0.743,0.5,0.079
1768981622.23,1.089,10.085,1.074,0.632,0.5,0.077
1768981622.53,1.1,9.684,1.093,0.102,0.5,0.076
1768981622.73,1.147,7.936,1.083,0.0,0.5,0.075
1768981623.03,1.128,14.191,1.098,0.0,0.5,0.074
1768981623.23,1.147,16.163,1.118,0.026,0.5,0.074
1768981623.53,1.132,14.629,1.1,1.0,0.5,0.073
1768981623.83,1.026,8.276,1.063,0.132,0.5,0.073
1768981624.13,1.146,0.161,0.994,0.312,0.5,0.073
1768981624.43,1.199,0.355,0.997,0.0,0.5,0.072
1768981624.73,1.144,0.36,1.0,0.153,0.5,0.072
1768981625.03,1.16,0.703,0.988,0.0,0.5,0.071
1768981625.23,1.207,0.711,0.992,0.0,0.5,0.071
1768981625.53,1.128,1.067,0.98,0.815,0.5,0.071
1768981625.83,1.123,0.504,0.993,1.0,0.5,0.071
1768981626.13,1.197,0.874,0.996,0.0,0.5,0.07
1768981626.33,1.157,0.283,1.004,0.148,0.5,0.07
1768981626.53,1.167,0.191,1.003,0.599,0.5,0.07
1768981626.74,1.189,0.989,0.998,0.203,0.5,0.07
1768981627.04,1.035,1.451,1.002,0.72,0.5,0.071
1768981627.33,1.075,2.296,1.003,0.781,0.5,0.071
1768981627.63,1.091,0.98,0.988,0.531,0.5,0.071
1768981627.93,1.203,5.894,1.074,0.773,0.5,0.071
1768981628.13,1.194,5.597,1.085,0.361,0.5,0.07
1768981628.33,1.164,3.122,1.036,0.0,0.5,0.07
1768981628.64,1.184,5.032,1.016,0.759,0.5,0.07
1768981628.93,1.196,6.357,1.046,0.827,0.5,0.07
1768981629.13,1.128,3.892,1.021,0.32,0.5,0.07
1768981629.43,1.004,5.285,1.021,0.207,0.5,0.07
1768981629.63,1.052,4.634,1.02,0.055,0.5,0.07
1768981629.93,1.105,1.981,0.999,0.0,0.5,0.069
1768981630.23,1.161,3.485,1.012,0.158,0.5,0.069
1768981630.53,1.182,1.794,0.986,0.0,0.5,0.07
1768981630.83,1.251,2.545,1.015,0.0,0.5,0.07
1768981631.13,1.216,0.62,0.99,0.99,0.5,0.07
1768981631.33,1.097,1.37,1.0,1.0,0.5,0.07
1768981631.63,0.876,0.885,1.099,0.819,0.5,0.073
1768981631.93,1.077,6.492,1.112,0.78,0.5,0.074
1768981632.13,0.925,7.218,1.107,0.0,0.5,0.075
1768981632.37,0.984,3.419,1.055,0.56,0.5,0.075
1768981632.63,0.983,12.297,0.922,0.0,0.5,0.069
1768981632.83,1.152,15.772,1.009,0.0,0.5,0.066
1768981633.13,0.686,0.539,1.123,1.0,0.5,0.065
1768981633.43,0.662,0.395,1.079,0.489,0.5,0.066
1768981633.73,0.674,3.494,1.082,0.097,0.5,0.069
1768981634.03,0.813,3.465,1.068,0.029,0.5,0.07
1768981634.23,0.96,0.852,1.074,0.742,0.5,0.068
1768981634.53,0.82,1.442,1.071,0.0,0.5,0.07
1768981634.73,1.03,1.031,1.074,0.0,0.5,0.071
1768981634.93,1.002,0.592,1.043,0.0,0.5,0.072
1768981635.23,1.037,4.0,1.047,0.343,0.5,0.074
1768981635.53,1.018,4.22,1.058,0.399,0.5,0.074
1768981635.73,1.018,0.545,1.034,0.053,0.5,0.074
1768981636.03,0.986,2.25,1.041,0.114,0.5,0.074
1768981636.25,0.978,1.546,1.048,0.0,0.5,0.073
1768981636.53,1.085,0.586,1.017,1.0,0.5,0.072
1768981636.83,1.082,1.59,1.055,0.145,0.5,0.071
1768981637.03,0.988,0.769,1.043,0.0,0.5,0.071
1768981637.23,0.925,1.246,1.072,0.669,0.5,0.071
1768981637.53,0.942,9.909,1.078,0.864,0.5,0.071
1768981637.83,0.973,2.879,1.057,0.566,0.5,0.071
1768981638.13,0.992,2.66,1.052,1.0,0.5,0.07
1768981638.34,0.495,9.661,1.077,0.839,0.5,0.07
1768981638.64,1.06,6.068,1.062,0.033,0.5,0.07
1768981638.94,1.084,4.347,1.05,0.0,0.5,0.07
1768981639.14,1.029,3.816,1.043,0.141,0.5,0.071
1768981639.34,1.084,5.333,1.06,0.405,0.5,0.07
1768981639.63,1.103,3.786,1.046,0.0,0.5,0.07
1768981639.84,1.125,4.961,1.051,0.0,0.5,0.07
1768981640.14,1.053,0.634,1.044,0.0,0.5,0.07
1768981640.34,1.025,0.429,1.043,0.021,0.5,0.07
1768981640.63,1.089,0.284,1.059,0.0,0.5,0.071
1768981640.93,1.269,0.523,1.075,0.694,0.5,0.071
1768981641.23,0.995,0.667,1.079,1.0,0.5,0.075
1768981641.53,0.871,0.096,1.021,0.317,0.5,0.081
1768981641.83,0.732,0.413,0.934,0.0,0.5,0.085
1768981642.03,0.846,0.113,0.911,0.0,0.5,0.086
1768981642.33,0.909,0.799,0.897,1.0,0.5,0.084
1768981642.53,0.581,0.754,0.894,0.0,0.5,0.078
1768981642.73,1.327,0.207,0.858,0.159,0.5,0.073
1768981643.03,1.059,0.049,0.822,0.027,0.5,0.066
1768981643.33,1.181,0.452,0.85,0.0,0.5,0.061
1768981643.63,1.03,0.464,0.809,0.323,0.5,0.059
1768981643.93,1.089,0.569,0.78,0.163,0.5,0.059
1768981644.13,1.138,0.213,0.772,0.0,0.5,0.058
1768981644.43,1.013,0.215,0.788,0.0,0.5,0.058
1768981644.63,0.983,0.107,0.791,0.0,0.5,0.059
1768981644.83,1.098,0.139,0.778,0.0,0.5,0.059
1768981645.04,1.106,0.112,0.792,0.029,0.5,0.059
1768981645.34,1.209,0.023,0.772,0.633,0.5,0.059
1768981645.63,1.089,0.125,0.804,0.916,0.5,0.059
1768981645.93,1.035,0.275,0.804,0.172,0.5,0.059
1768981646.14,1.099,0.42,0.825,1.0,0.5,0.059
1768981646.43,1.023,0.202,0.8,0.282,0.5,0.058
1768981646.65,1.107,0.253,0.791,0.14,0.5,0.059
1768981646.93,1.027,0.347,0.783,0.752,0.5,0.058
1768981647.13,1.127,0.315,0.785,0.0,0.5,0.058
1768981647.42,0.96,0.309,0.812,0.848,0.5,0.057
1768981647.72,1.036,0.56,0.818,0.0,0.5,0.057
1768981648.02,0.935,0.535,0.818,0.356,0.5,0.058
1768981648.24,0.878,0.295,0.806,0.906,0.5,0.058
1768981648.53,0.995,0.455,0.874,1.0,0.5,0.061
1768981648.74,1.096,0.27,0.945,0.323,0.5,0.065
1768981649.02,0.798,0.424,1.076,0.0,0.5,0.071
1768981649.22,1.056,0.322,1.101,0.0,0.5,0.075
1768981649.52,1.005,0.254,1.097,0.177,0.5,0.079
1768981649.72,1.022,0.24,1.069,0.0,0.5,0.079
1768981650.02,1.048,0.306,1.087,0.064,0.5,0.079
1768981650.24,1.159,0.307,1.066,0.0,0.5,0.078
1768981650.52,1.122,0.079,1.043,0.15,0.5,0.075
1768981650.72,1.247,0.053,1.063,0.0,0.5,0.073
1768981651.02,1.13,0.134,1.056,0.708,0.5,0.071
1768981651.32,1.154,0.065,1.052,0.829,0.5,0.069
1768981651.52,1.116,0.244,1.044,0.843,0.5,0.069
1768981651.82,0.222,0.014,1.037,1.0,0.5,0.069
1768981652.02,0.887,0.165,1.031,0.291,0.5,0.07
1768981652.32,1.134,0.026,1.017,0.0,0.5,0.071
1768981652.62,0.434,0.156,0.96,0.352,0.5,0.073
1768981652.82,0.936,0.113,0.963,0.0,0.5,0.075
1768981653.12,1.21,0.163,0.924,0.0,0.5,0.077
1768981653.42,1.113,0.151,0.92,0.0,0.5,0.079
1768981653.62,1.297,0.455,0.953,0.0,0.5,0.079
1768981653.82,1.003,0.521,0.941,1.0,0.5,0.079
1768981654.12,0.473,0.386,0.867,1.0,0.5,0.077
1768981654.32,0.329,0.242,0.804,0.823,0.5,0.075
1768981654.62,0.328,0.142,0.849,0.538,0.5,0.073
1768985951.97,0.858,1.29,1.102,0.32,0.5,0.079
1768985952.17,0.89,0.893,1.071,0.366,0.5,0.077
1768985952.37,0.819,2.957,1.077,0.197,0.5,0.075
1768985952.67,0.878,1.695,1.103,0.005,0.5,0.07
1768985952.87,0.887,1.724,1.114,0.0,0.5,0.068
1768985953.08,0.881,1.991,1.125,0.0,0.5,0.067
1768985953.37,0.86,2.049,1.112,0.807,0.5,0.066
1768985953.57,0.847,1.828,1.123,0.06,0.5,0.064
1768985953.77,0.729,1.927,1.139,1.0,0.5,0.064
1768985954.07,0.936,8.916,1.064,0.0,0.5,0.066
1768985954.27,0.975,4.615,0.936,0.014,0.5,0.067
1768985954.51,0.919,4.174,0.918,0.093,0.5,0.067
1768985954.77,0.912,6.697,0.875,0.374,0.5,0.07
1768985955.07,0.951,3.267,0.932,0.056,0.5,0.069
1768985955.27,0.934,8.207,1.074,0.0,0.5,0.07
1768985955.58,0.842,6.943,1.03,0.474,0.5,0.071
1768985955.87,0.871,15.336,1.05,0.788,0.5,0.071
1768999151.42,0.979,0.262,0.956,1.0,0.5,0.045
1768999151.63,0.901,0.29,0.935,0.579,0.5,0.05
1768999151.93,0.992,3.054,0.967,0.286,0.5,0.053
1768999152.23,0.948,0.23,1.05,1.0,0.5,0.058
1768999152.44,0.909,1.249,1.158,0.0,0.5,0.059
1768999152.73,1.226,0.697,0.932,0.0,0.5,0.06
1768999153.03,0.844,1.203,0.712,1.0,0.5,0.057
1768999153.28,0.668,1.486,0.897,0.458,0.5,0.056
1768999153.53,1.046,0.92,0.908,0.133,0.5,0.056
1768999153.73,0.967,0.304,0.909,0.087,0.5,0.056
1768999154.03,0.961,1.288,0.903,0.347,0.5,0.059
1768999154.23,0.898,0.627,0.874,0.0,0.5,0.06
1768999154.44,0.992,0.368,0.886,0.271,0.5,0.06
1768999154.72,0.968,0.199,0.965,0.567,0.5,0.06
1768999154.93,0.943,0.086,0.996,0.311,0.5,0.06
1768999155.23,1.09,0.059,0.956,0.0,0.5,0.06
1768999155.43,1.027,0.201,0.981,0.0,0.5,0.06
1768999155.65,1.133,0.139,1.009,0.065,0.5,0.059
1768999155.93,1.081,0.172,0.989,0.0,0.5,0.057
1768999156.23,1.043,0.122,0.871,0.0,0.5,0.056
1768999156.43,1.231,24.244,1.125,0.325,0.5,0.056
1768999156.73,1.059,32.816,1.159,0.434,0.5,0.057
1768999156.93,1.081,38.567,1.285,0.558,0.5,0.058
1768999157.23,1.024,39.568,1.283,0.493,0.5,0.06
1768999157.53,0.97,37.012,1.274,1.0,0.5,0.061
1768999157.73,1.045,37.61,1.273,0.977,0.5,0.062
1768999157.93,0.915,35.359,1.314,0.026,0.5,0.062
1768999158.13,0.978,36.859,1.339,0.126,0.5,0.062
1768999158.43,1.032,7.887,1.004,0.0,0.5,0.062
1768999158.73,1.031,0.545,0.974,0.0,0.5,0.062
1768999158.97,1.049,0.218,0.945,0.367,0.5,0.063
1768999159.23,1.048,2.139,1.028,0.349,0.5,0.063
1768999159.43,1.078,0.151,0.979,1.0,0.5,0.064
1768999159.72,1.018,0.583,1.002,1.0,0.5,0.065
1768999159.93,0.956,0.526,0.977,0.775,0.5,0.067
1768999160.23,0.997,0.336,0.93,1.0,0.5,0.068
1768999160.53,0.958,2.938,0.977,0.0,0.5,0.07
1768999160.73,1.003,1.225,0.982,0.453,0.5,0.071
1768999161.02,1.008,14.74,1.151,0.535,0.5,0.072
1768999161.23,1.028,6.463,1.055,0.0,0.5,0.072
1768999161.52,0.985,0.316,1.074,0.0,0.5,0.071
1768999161.73,0.966,0.168,0.997,0.065,0.5,0.071
1768999161.93,0.954,0.088,0.985,1.0,0.5,0.07
1768999162.23,0.801,0.352,0.949,0.071,0.5,0.069
1768999162.43,0.853,0.177,0.971,0.13,0.5,0.069
1768999162.66,0.971,0.195,0.973,0.0,0.5,0.068
1768999162.93,0.983,7.695,1.02,0.099,0.5,0.065
1768999163.13,1.047,1.172,0.957,0.0,0.5,0.063
1768999163.42,1.064,0.118,0.925,0.0,0.5,0.06
1768999163.63,1.08,2.014,0.902,0.18,0.5,0.059
1768999163.92,1.111,0.278,0.874,0.178,0.5,0.058
1768999164.13,1.092,0.143,0.902,0.119,0.5,0.057
1768999164.33,1.068,0.213,0.909,0.693,0.5,0.057
1768999164.63,1.082,0.317,0.844,0.0,0.5,0.055
1768999164.83,1.124,0.494,0.852,0.058,0.5,0.055
1768999165.13,1.071,0.472,0.848,0.463,0.5,0.054
1768999165.42,1.109,0.321,0.869,0.806,0.5,0.053
1768999165.63,1.132,0.327,0.872,0.0,0.5,0.054
1768999165.83,1.151,0.432,0.881,0.974,0.5,0.054
1768999166.05,1.125,0.334,0.855,1.0,0.5,0.055
1768999166.33,1.164,0.395,0.868,0.375,0.5,0.055
1768999166.62,1.154,0.295,0.883,0.114,0.5,0.056
1768999166.83,1.129,0.251,0.884,0.463,0.5,0.056
1768999167.13,1.138,0.19,0.886,0.75,0.5,0.057
1768999167.33,1.098,0.243,0.881,1.0,0.5,0.058
1768999167.62,1.083,0.244,0.876,1.0,0.5,0.06
1768999167.83,1.056,0.303,0.858,0.084,0.5,0.061
1768999168.12,1.069,0.127,0.854,0.111,0.5,0.062
1768999168.33,1.088,0.657,0.845,0.0,0.5,0.062
1768999168.62,1.126,0.179,0.831,0.704,0.5,0.063
1768999168.83,1.06,0.092,0.828,0.0,0.5,0.064
1768999169.13,0.998,0.369,0.859,0.676,0.5,0.065
1768999169.4,1.018,0.262,0.896,1.0,0.5,0.065
1768999169.65,1.065,0.435,0.939,1.0,0.5,0.066
1768999169.94,0.719,1.642,0.904,1.0,0.5,0.068
1768999170.24,0.948,0.182,0.925,0.034,0.5,0.069
1768999170.45,1.009,0.357,0.966,0.084,0.5,0.069
1768999170.65,1.023,0.562,0.919,0.0,0.5,0.07
1768999170.86,0.998,0.244,0.937,0.0,0.5,0.069
1768999171.15,1.009,0.079,0.913,0.875,0.5,0.068
1768999171.44,1.077,0.398,0.888,0.0,0.5,0.067
1768999171.65,1.043,0.248,0.88,0.0,0.5,0.066
1768999171.85,1.116,0.254,0.877,0.16,0.5,0.066
1768999172.14,1.044,0.093,0.894,0.891,0.5,0.065
1768999172.45,1.042,0.407,0.905,0.906,0.5,0.064
1768999172.71,1.033,0.258,0.885,0.145,0.5,0.065
1768999172.96,0.951,0.884,0.844,1.0,0.5,0.065
1768999173.16,1.007,0.522,0.853,0.158,0.5,0.065
1768999173.46,1.034,0.467,0.911,1.0,0.5,0.065
1768999173.75,0.226,0.221,0.89,0.258,0.5,0.069
1768999173.96,1.03,0.352,0.896,0.0,0.5,0.072
1768999174.16,1.079,0.125,0.893,0.0,0.5,0.077
1768999174.38,1.102,0.136,0.896,0.005,0.5,0.081
1768999174.65,1.108,0.065,0.887,0.0,0.5,0.086
1768999174.86,1.047,0.301,0.899,0.955,0.5,0.088
1768999175.06,1.053,0.309,0.896,0.895,0.5,0.088
1768999175.26,1.064,0.184,0.881,0.412,0.5,0.086
1768999175.46,1.061,0.191,0.894,0.676,0.5,0.084
1768999175.75,1.042,0.201,0.904,1.0,0.5,0.08
1768999175.96,1.018,0.099,0.93,0.73,0.5,0.078
1768999176.26,1.032,0.291,0.905,0.139,0.5,0.075
1768999176.56,1.032,0.24,0.882,0.237,0.5,0.072
1768999176.76,1.053,0.537,0.859,0.0,0.5,0.071
1768999176.96,1.07,0.351,0.877,0.463,0.5,0.069
1768999177.25,0.923,0.313,0.869,1.0,0.5,0.069
1768999177.46,0.941,2.65,0.895,0.096,0.5,0.069
1768999177.68,1.03,1.499,0.897,0.098,0.5,0.068
1768999177.99,1.032,0.217,0.95,0.195,0.5,0.066
1768999178.23,1.054,0.558,0.909,0.0,0.5,0.063
1768999178.44,1.153,0.309,0.928,0.0,0.5,0.058
1768999178.73,1.2,0.225,0.849,0.0,0.5,0.052
1768999178.94,1.144,1.363,0.858,0.107,0.5,0.048
1768999179.24,1.099,2.035,0.911,0.878,0.5,0.042
1768999179.53,1.074,0.45,0.854,0.847,0.5,0.041
1768999179.74,1.068,6.292,0.929,0.0,0.5,0.042
1768999180.03,1.137,0.147,0.813,0.626,0.5,0.043
1768999180.33,1.085,0.245,0.845,0.491,0.5,0.045
1768999180.54,1.048,0.368,0.857,1.0,0.5,0.045
1768999180.83,1.022,0.434,0.87,0.602,0.5,0.044
1768999181.06,1.05,0.507,0.888,1.0,0.5,0.045
1768999181.34,1.042,0.472,0.884,0.586,0.5,0.043
1768999181.64,1.133,0.067,0.871,0.094,0.5,0.041
1768999181.93,1.081,2.327,0.904,0.0,0.5,0.038
1768999182.14,1.031,1.043,0.84,0.414,0.5,0.036
1768999182.34,1.062,0.514,0.765,0.0,0.5,0.035
1768999182.63,1.189,0.18,0.803,0.709,0.5,0.033
1768999182.83,1.082,1.712,0.783,0.0,0.5,0.032
1768999183.04,1.114,0.224,0.787,0.636,0.5,0.032
1768999183.34,1.081,0.419,0.815,0.935,0.5,0.032
1768999183.63,1.191,4.059,0.799,0.964,0.5,0.032
1768999183.83,1.141,2.41,0.757,0.388,0.5,0.032
1768999184.04,1.111,2.708,0.823,0.282,0.5,0.032
1768999184.26,1.098,4.292,0.84,0.558,0.5,0.032
1768999184.53,1.193,2.683,0.825,0.172,0.5,0.033
1768999184.74,1.137,4.069,0.8,0.542,0.5,0.033
1768999185.04,1.03,0.305,0.817,0.305,0.5,0.034
1768999185.33,1.131,0.222,0.795,0.557,0.5,0.034
1768999185.54,1.11,1.246,0.772,0.0,0.5,0.035
1768999185.83,1.084,0.275,0.811,0.01,0.5,0.036
1768999186.13,1.036,0.139,0.798,0.359,0.5,0.037
1768999186.33,1.103,0.432,0.785,0.0,0.5,0.037
1768999186.53,1.197,0.46,0.774,0.012,0.5,0.037
1768999186.83,1.246,0.498,0.736,0.0,0.5,0.036
1768999187.13,1.237,0.115,0.764,0.0,0.5,0.036
1768999187.41,1.253,0.48,0.794,0.0,0.5,0.035
1768999187.65,1.288,0.417,0.713,0.154,0.5,0.035
1768999187.95,1.263,0.319,0.747,0.418,0.5,0.034
1768999188.25,0.956,0.5,0.724,0.174,0.5,0.035
1768999188.45,1.196,0.567,0.815,0.0,0.5,0.035
1768999188.75,1.232,0.469,0.839,0.065,0.5,0.035
1768999188.95,1.232,2.292,0.878,0.198,0.5,0.034
1768999189.15,1.258,0.442,0.868,0.245,0.5,0.033
1768999189.45,1.199,0.334,0.882,0.0,0.5,0.033
1768999189.75,1.237,1.047,0.884,0.0,0.5,0.034
1768999189.95,1.212,0.364,0.859,1.0,0.5,0.035
1768999190.15,0.86,0.252,0.903,0.29,0.5,0.037
1768999190.42,1.165,0.279,0.894,0.194,0.5,0.039
1768999190.66,1.154,0.24,0.981,0.363,0.5,0.044
1768999190.86,0.979,0.181,1.004,0.344,0.5,0.048
1768999191.16,1.014,0.493,1.011,0.528,0.5,0.051
1768999191.36,1.021,1.875,1.01,1.0,0.5,0.055
1768999191.66,1.119,0.374,1.014,1.0,0.5,0.058
1768999191.96,0.95,1.293,1.031,0.886,0.5,0.061
1768999192.16,0.989,2.681,1.061,1.0,0.5,0.063
1768999192.46,0.902,0.583,1.031,0.236,0.5,0.064
1768999192.66,0.966,1.266,1.076,0.0,0.5,0.063
1768999192.96,0.948,0.221,1.04,0.0,0.5,0.06
1768999193.16,1.024,2.302,1.055,0.29,0.5,0.058
1768999193.46,0.951,0.436,0.998,0.67,0.5,0.054
1768999193.69,0.949,0.256,1.026,0.099,0.5,0.053
1768999193.96,0.995,0.363,1.009,0.0,0.5,0.052
1768999194.16,1.074,0.522,0.979,0.104,0.5,0.051
1768999194.36,1.003,0.215,1.018,0.0,0.5,0.05
1768999194.56,1.043,0.384,1.009,0.575,0.5,0.049
1768999194.86,1.051,0.168,0.984,0.0,0.5,0.048
1768999195.16,1.076,0.153,0.969,0.0,0.5,0.047
1768999195.36,1.053,0.114,0.968,0.0,0.5,0.048
1768999195.66,0.199,0.668,0.981,0.903,0.5,0.05
1768999195.96,1.083,2.652,0.998,0.103,0.5,0.05
1768999196.16,1.06,0.273,0.984,0.11,0.5,0.051
1768999196.36,0.952,7.793,1.131,0.187,0.5,0.053
1768999196.66,0.918,2.069,1.094,0.0,0.5,0.054
1768999196.89,1.038,8.505,1.091,0.491,0.5,0.056
1768999197.16,0.96,1.161,1.053,0.576,0.5,0.057
1768999197.36,0.939,0.466,1.046,0.0,0.5,0.055
1768999197.66,0.995,0.454,1.012,0.829,0.5,0.053
1768999197.86,0.2,0.199,1.041,0.451,0.5,0.05
1768999198.06,1.025,0.046,0.982,0.012,0.5,0.046
1768999198.36,0.335,0.131,1.033,1.0,0.5,0.044
1768999198.57,0.877,0.569,1.1,0.075,0.5,0.046
1768999198.86,0.921,0.382,1.134,0.128,0.5,0.052
1768999199.06,0.933,0.259,1.124,0.073,0.5,0.058
1768999199.36,1.049,0.056,0.979,0.0,0.5,0.06
1768999199.67,1.11,0.395,0.946,0.0,0.5,0.053
1768999199.96,1.063,0.084,0.898,0.0,0.5,0.043
1768999200.18,1.128,0.263,0.87,0.0,0.5,0.038
1768999200.46,1.117,0.159,0.882,0.0,0.5,0.034
1768999200.77,1.121,2.228,0.961,0.317,0.5,0.035
1768999201.06,1.077,0.359,0.986,0.763,0.5,0.042
1768999201.36,1.061,0.318,0.979,0.226,0.5,0.051
1768999201.56,1.044,0.129,0.905,0.09,0.5,0.057
1768999201.86,1.074,0.331,0.895,0.0,0.5,0.063
1768999202.06,1.089,0.363,0.921,0.0,0.5,0.066
1768999202.36,1.157,1.793,0.937,0.0,0.5,0.068
1768999202.57,1.148,0.355,0.911,0.771,0.5,0.069
1768999202.86,1.143,0.192,0.936,1.0,0.5,0.073
1768999203.14,0.763,0.23,0.95,0.333,0.5,0.076
1768999203.38,0.99,0.245,1.069,0.444,0.5,0.079
1768999203.59,0.382,0.268,1.02,0.0,0.5,0.078
1768999203.88,1.147,0.279,0.926,0.0,0.5,0.068
1768999204.18,1.189,1.895,0.908,0.0,0.5,0.056
1768999204.38,1.273,0.25,0.878,0.11,0.5,0.049
1768999204.59,1.252,0.209,0.885,0.0,0.5,0.042
1768999204.88,1.229,0.251,0.883,0.0,0.5,0.036
1768999205.08,1.235,0.403,0.901,0.564,0.5,0.034
1768999205.3,1.264,0.433,0.909,0.026,0.5,0.032
1768999205.58,1.261,0.421,0.923,0.805,0.5,0.029
1768999205.79,1.244,0.794,0.885,0.617,0.5,0.028
1768999206.08,1.238,1.366,0.851,0.801,0.5,0.027
1768999206.33,1.157,0.642,0.877,0.0,0.5,0.026
1768999206.58,1.259,0.802,0.894,0.023,0.5,0.026
1768999206.88,1.256,1.419,0.862,1.0,0.5,0.026
1768999207.08,1.289,0.756,0.856,0.865,0.5,0.025
1768999207.38,1.238,0.628,0.902,0.637,0.5,0.025
1768999207.68,1.238,0.535,0.895,0.017,0.5,0.024
1768999207.98,1.24,0.426,0.907,1.0,0.5,0.026
1768999208.18,1.059,0.544,0.856,0.051,0.5,0.026
1768999208.48,1.313,1.821,0.892,0.015,0.5,0.025
1768999208.68,1.274,0.755,0.871,0.102,0.5,0.025
1768999208.88,1.24,0.664,0.914,0.207,0.5,0.025
1768999209.18,1.261,0.882,0.856,0.803,0.5,0.023
1768999209.46,1.207,0.72,0.855,1.0,0.5,0.023
1768999209.72,1.183,0.719,0.947,0.097,0.5,0.025
1768999210.01,1.262,0.155,0.861,1.0,0.5,0.031
1768999210.21,1.201,1.622,0.88,0.73,0.5,0.037
1768999210.41,1.144,0.147,0.913,1.0,0.5,0.043
1768999210.7,1.157,0.256,0.907,0.0,0.5,0.05
1768999210.91,1.11,0.458,0.932,0.434,0.5,0.052
1768999211.11,1.133,0.185,0.943,0.569,0.5,0.052
1768999211.41,1.149,0.356,0.959,0.909,0.5,0.053
1768999211.61,1.096,4.251,1.054,1.0,0.5,0.054
1768999211.81,1.065,14.568,1.176,1.0,0.5,0.056
1768999212.11,1.063,17.377,1.219,0.659,0.5,0.06
1768999212.4,0.986,8.276,1.202,1.0,0.5,0.063
1768999212.64,0.928,0.612,1.202,1.0,0.5,0.069
1768999212.94,0.883,0.604,1.231,1.0,0.5,0.077
1768999213.15,0.83,0.289,1.241,1.0,0.5,0.081
1768999213.35,0.842,0.373,1.235,1.0,0.5,0.084
1768999213.65,0.84,0.353,1.215,0.11,0.5,0.085
1768999213.94,0.898,0.625,1.139,0.0,0.5,0.084
1768999214.24,0.913,0.117,1.1,0.0,0.5,0.08
1768999214.44,1.05,20.821,1.194,0.0,0.5,0.075
1768999214.74,1.174,20.059,1.128,0.0,0.5,0.069
1768999214.94,1.126,1.091,1.037,0.0,0.5,0.065
1768999215.14,0.302,0.353,1.0,0.0,0.5,0.064
1768999215.36,1.34,23.401,1.093,0.0,0.5,0.063
1768999215.64,1.058,3.767,0.965,0.0,0.5,0.061
1768999215.84,1.231,1.687,0.96,0.093,0.5,0.061
1768999216.04,1.252,13.038,1.022,0.38,0.5,0.059
1768999216.34,0.501,0.933,1.028,1.0,0.5,0.06
1768999216.55,0.918,5.015,1.022,0.438,0.5,0.061
1768999216.84,1.101,10.982,1.039,0.338,0.5,0.064
1768999217.04,1.048,0.115,1.011,0.228,0.5,0.066
1768999217.24,1.012,1.128,1.077,0.172,0.5,0.065
1768999217.54,0.96,0.714,1.038,1.0,0.5,0.064
1768999217.74,0.982,0.165,1.049,0.338,0.5,0.063
1768999217.94,0.985,0.031,1.086,0.0,0.5,0.063
1768999218.15,0.998,0.15,1.093,0.0,0.5,0.063
1768999218.37,1.053,0.025,1.082,0.0,0.5,0.063
1768999218.64,1.036,0.114,1.052,0.662,0.5,0.064
1768999218.84,1.028,0.158,1.046,0.707,0.5,0.064
1769061345.05,0.856,0.884,1.036,0.475,0.5,0.08
1769061346.15,0.895,1.06,1.131,0.0,0.5,0.08
1769061346.44,1.007,0.199,1.04,0.508,0.5,0.078
1769061346.65,0.978,0.485,1.037,0.786,0.5,0.077
1769061346.85,1.052,0.74,1.027,0.0,0.5,0.075
1769061347.14,0.74,0.138,0.981,0.665,0.5,0.071
1769061347.35,0.74,0.217,0.941,0.0,0.5,0.068
1769061347.65,1.211,0.289,0.916,0.0,0.5,0.062
1769061347.87,0.315,4.884,0.928,0.475,0.5,0.061
1769061348.15,1.076,1.078,0.942,0.712,0.5,0.059
1769061348.36,0.697,0.963,0.945,0.633,0.5,0.06
1769061348.65,0.841,0.155,0.924,0.0,0.5,0.062
1769061348.85,1.311,0.353,0.938,0.0,0.5,0.061
1769061349.15,1.204,0.596,0.956,0.105,0.5,0.062
1769061349.35,1.192,0.635,0.943,0.153,0.5,0.062
1769061349.64,1.188,0.625,0.943,0.159,0.5,0.062
1769061349.85,1.125,0.358,0.936,0.254,0.5,0.063
1769061350.15,1.101,0.362,0.933,1.0,0.5,0.062
1769061350.45,1.065,0.316,0.964,0.678,0.5,0.063
1769061350.65,1.189,0.5,0.977,0.0,0.5,0.064
1769061350.95,0.867,0.352,0.985,0.091,0.5,0.066
1769061351.25,1.231,0.442,0.964,0.0,0.5,0.065
1769061351.55,1.222,0.91,0.962,0.072,0.5,0.063
1769061351.75,1.269,0.73,0.953,0.0,0.5,0.062
1769061352.05,1.252,0.481,0.953,0.0,0.5,0.061
1769061352.35,1.261,0.432,0.984,0.0,0.5,0.061
1769061352.65,1.313,0.617,0.964,0.0,0.5,0.061
1769061352.85,1.185,0.415,0.974,1.0,0.5,0.062
1769061353.15,1.159,0.704,0.974,0.412,0.5,0.062
1769061353.35,1.191,0.868,0.964,0.0,0.5,0.062
1769061353.65,1.254,0.455,0.957,0.0,0.5,0.062
1769061353.95,1.233,0.227,0.968,0.535,0.5,0.062
1769061354.25,1.156,0.435,0.975,1.0,0.5,0.062
1769061354.45,1.071,0.591,0.955,0.964,0.5,0.062
1769061354.65,1.143,0.434,0.955,0.82,0.5,0.062
1769061354.95,1.103,0.257,0.953,0.673,0.5,0.063
1769061355.15,1.086,0.625,0.96,0.711,0.5,0.063
1769061355.45,1.126,0.604,0.956,0.0,0.5,0.062
1769061355.65,1.213,0.48,0.958,0.0,0.5,0.062
1769061355.95,1.241,0.086,0.949,0.0,0.5,0.061
1769061356.25,1.235,0.798,0.95,0.0,0.5,0.06
1769061356.46,1.282,0.537,0.951,0.442,0.5,0.06
1769061356.75,1.229,0.26,0.936,1.0,0.5,0.059
1769061357.05,1.06,0.16,0.941,0.806,0.5,0.059
1769061357.35,1.107,0.636,0.945,1.0,0.5,0.059
1769061357.55,1.07,0.142,0.932,0.3,0.5,0.059
1769061357.75,1.102,0.337,0.932,0.0,0.5,0.059
1769061358.05,0.762,0.31,0.921,1.0,0.5,0.059
